,Energy_Generated_KWh,Temperature_C
2020-01-01,3.6876455901183824,12.607142857142858
2020-01-02,3.6296394438350355,13.196428571428571
2020-01-03,3.5714160089899316,16.732142857142854
2020-01-04,3.5130671788057732,17.321428571428577
2020-01-05,3.454684082358508,19.08928571428571
2020-01-06,3.3963567089424274,12.90178571428572
2020-01-07,3.338173470859882,13.196428571428571
2020-01-08,3.2802207849618625,14.669642857142858
2020-01-09,3.2225827701024023,15.84821428571429
2020-01-10,3.1653411313873647,12.90178571428572
2020-01-11,3.108575240869982,9.071428571428577
2020-01-12,3.052362371920019,9.95535714285715
2020-01-13,2.9967780373345043,15.258928571428568
2020-01-14,2.9418964155468608,12.312499999999998
2020-01-15,2.8877908681502795,9.660714285714288
2020-01-16,2.834534537291802,12.017857142857148
2020-01-17,2.7822009344706444,12.90178571428572
2020-01-18,2.7308643880152417,13.785714285714283
2020-01-19,2.680600210350317,16.437500000000004
2020-01-20,2.6314845136140086,16.437500000000004
2020-01-21,2.583593688102326,14.375000000000004
2020-01-22,2.5370036083712755,13.491071428571432
2020-01-23,2.491788663551322,16.142857142857142
2020-01-24,2.4480207184877756,14.669642857142858
2020-01-25,2.4057681221291105,14.375000000000004
2020-01-26,2.365094874426923,16.732142857142854
2020-01-27,2.326060024662233,18.20535714285714
2020-01-28,2.2887173073722877,18.20535714285714
2020-01-29,2.2531149622094304,19.08928571428571
2020-01-30,2.2192956482784787,20.857142857142858
2020-01-31,2.187296388599158,21.74107142857143
2020-02-01,2.1571484813631336,16.732142857142854
2020-02-02,2.1288773468758215,15.258928571428568
2020-02-03,2.102502290948305,16.437500000000004
2020-02-04,2.078036199456541,17.026785714285715
2020-02-05,2.0554852402500146,17.616071428571427
2020-02-06,2.0348486813188416,18.5
2020-02-07,2.0161189155041015,17.616071428571427
2020-02-08,1.9992817289315923,19.678571428571423
2020-02-09,1.9843167686962992,17.91071428571429
2020-02-10,1.9711981488894281,16.142857142857142
2020-02-11,1.9598951426484845,16.142857142857142
2020-02-12,1.9503729552309856,16.437500000000004
2020-02-13,1.9425935674344963,19.973214285714285
2020-02-14,1.9365166033757397,20.5625
2020-02-15,1.9321001261868886,22.035714285714285
2020-02-16,1.9293012327026382,20.857142857142858
2020-02-17,1.9280763496285935,18.20535714285714
2020-02-18,1.9283812080924534,18.20535714285714
2020-02-19,1.9301705325760565,17.91071428571429
2020-02-20,1.9333975533074543,17.616071428571427
2020-02-21,1.9380134544282868,18.5
2020-02-22,1.943966866745388,18.79464285714286
2020-02-23,1.9512034910904497,17.616071428571427
2020-02-24,1.9596658858547755,16.437500000000004
2020-02-25,1.9692934336630685,21.44642857142857
2020-02-26,1.9800224530380817,22.624999999999996
2020-02-27,1.9917864062031576,22.035714285714285
2020-02-28,2.0045161419553637,19.973214285714285
2020-02-29,2.018140116557774,22.035714285714285
2020-03-01,2.0325845502362228,22.919642857142854
2020-03-02,2.0477735005394315,19.973214285714285
2020-03-03,2.0636288631036237,23.80357142857143
2020-03-04,2.080070341681939,25.571428571428566
2020-03-05,2.097015455735445,28.517857142857135
2020-03-06,2.114379664404211,26.16071428571429
2020-03-07,2.1320766702288907,24.6875
2020-03-08,2.150018923954473,25.571428571428566
2020-03-09,2.16811829914322,25.571428571428566
2020-03-10,2.186286867598781,27.339285714285715
2020-03-11,2.20443770246316,27.04464285714285
2020-03-12,2.222485658951836,25.27678571428571
2020-03-13,2.2403481073404663,25.571428571428566
2020-03-14,2.257945594180253,27.04464285714285
2020-03-15,2.275202386467008,26.16071428571429
2020-03-16,2.292046836125561,26.16071428571429
2020-03-17,2.308411516597051,25.27678571428571
2020-03-18,2.3242331296764007,27.928571428571423
2020-03-19,2.339452243172868,29.107142857142858
2020-03-20,2.3540129388459796,22.624999999999996
2020-03-21,2.367862462578998,28.517857142857135
2020-03-22,2.380950930712693,29.69642857142857
2020-03-23,2.393231124702222,22.330357142857146
2020-03-24,2.404658390379524,28.517857142857135
2020-03-25,2.4151906267755052,26.749999999999996
2020-03-26,2.4247883419219285,27.04464285714285
2020-03-27,2.4334147215430235,25.571428571428566
2020-03-28,2.4410356659363863,27.04464285714285
2020-03-29,2.4476197611014427,29.69642857142857
2020-03-30,2.453138177678209,29.69642857142857
2020-03-31,2.4575645082673603,29.69642857142857
2020-04-01,2.460874559891,32.64285714285714
2020-04-02,2.4630461269478587,32.64285714285714
2020-04-03,2.4640587967861194,31.75892857142857
2020-04-04,2.46389385579457,31.464285714285708
2020-04-05,2.4625343516573928,32.64285714285714
2020-04-06,2.4599653330736437,29.40178571428571
2020-04-07,2.4561742151287547,21.44642857142857
2020-04-08,2.451151188728975,26.749999999999996
2020-04-09,2.444889591021564,21.151785714285708
2020-04-10,2.437386193396893,20.5625
2020-04-11,2.428641403954739,26.16071428571429
2020-04-12,2.4186593969112913,27.633928571428573
2020-04-13,2.4074481684610483,29.107142857142858
2020-04-14,2.395019505109328,28.223214285714285
2020-04-15,2.3813888393271476,29.40178571428571
2020-04-16,2.3665749975716466,30.285714285714285
2020-04-17,2.350599863485634,31.169642857142854
2020-04-18,2.3334880062619945,31.464285714285708
2020-04-19,2.3152663214183633,30.874999999999996
2020-04-20,2.2959637217163475,30.874999999999996
2020-04-21,2.2756108971997158,30.285714285714285
2020-04-22,2.2542401417692304,35.0
2020-04-23,2.23188522430517,33.52678571428571
2020-04-24,2.208581276886914,23.50892857142857
2020-04-25,2.184364665282068,23.80357142857143
2020-04-26,2.159272823149365,26.45535714285714
2020-04-27,2.1333440351671307,26.45535714285714
2020-04-28,2.1066171724226024,27.928571428571423
2020-04-29,2.0791313920886623,16.142857142857142
2020-04-30,2.050925816315363,25.866071428571427
2020-05-01,2.022039225526182,32.34821428571428
2020-05-02,1.9925098064000757,29.40178571428571
2020-05-03,1.962375003857293,28.8125
2020-05-04,1.9316715053678912,32.34821428571428
2020-05-05,1.900435351177876,33.52678571428571
2020-05-06,1.8687021241651003,27.928571428571423
2020-05-07,1.8365071514422482,27.04464285714285
2020-05-08,1.8038856608656495,29.40178571428571
2020-05-09,1.7708728757237147,33.52678571428571
2020-05-10,1.7375040639365302,33.232142857142854
2020-05-11,1.7038145684356643,31.169642857142854
2020-05-12,1.6698398272623471,29.107142857142858
2020-05-13,1.6356153653952177,29.99107142857142
2020-05-14,1.6011767345084849,32.34821428571428
2020-05-15,1.5665593882525464,33.232142857142854
2020-05-16,1.5317985149243185,31.169642857142854
2020-05-17,1.4969288640769562,29.69642857142857
2020-05-18,1.4619846001599157,22.330357142857146
2020-05-19,1.4269992026541267,26.45535714285714
2020-05-20,1.3920054109214952,29.69642857142857
2020-05-21,1.3570352080781056,25.571428571428566
2020-05-22,1.3221198268001544,32.05357142857143
2020-05-23,1.2872897584356657,32.34821428571428
2020-05-24,1.2525747414908217,23.214285714285715
2020-05-25,1.2180037035887636,26.45535714285714
2020-05-26,1.1836046488261687,23.214285714285715
2020-05-27,1.1494044966871542,18.79464285714286
2020-05-28,1.1154288911253651,21.151785714285708
2020-05-29,1.081702007000196,18.79464285714286
2020-05-30,1.0482463795253416,20.267857142857146
2020-05-31,1.0150827908750415,25.27678571428571
2020-06-01,0.9822302418270823,24.09821428571428
2020-06-02,0.9497060267829838,19.678571428571423
2020-06-03,0.9175259025540505,20.5625
2020-06-04,0.8857043089332706,22.624999999999996
2020-06-05,0.8542545952713176,23.50892857142857
2020-06-06,0.8231892228334559,20.267857142857146
2020-06-07,0.7925199432998475,19.973214285714285
2020-06-08,0.7622579742474223,24.982142857142854
2020-06-09,0.7324141822370933,22.624999999999996
2020-06-10,0.7029992600521062,20.5625
2020-06-11,0.6740238676896126,15.84821428571429
2020-06-12,0.645498716235533,15.553571428571429
2020-06-13,0.6174345969401784,16.437500000000004
2020-06-14,0.5898423807132858,18.20535714285714
2020-06-15,0.5627330210369941,21.44642857142857
2020-06-16,0.5361175781634842,20.857142857142858
2020-06-17,0.5100072740803974,16.732142857142854
2020-06-18,0.4844135804553318,16.437500000000004
2020-06-19,0.4593483313156277,20.5625
2020-06-20,0.4348238456108078,22.035714285714285
2020-06-21,0.41085302686013847,17.91071428571429
2020-06-22,0.38744939995551064,16.732142857142854
2020-06-23,0.3646270584610889,22.330357142857146
2020-06-24,0.34240051844342645,19.08928571428571
2020-06-25,0.32078450022730465,17.616071428571427
2020-06-26,0.2997936719140881,19.08928571428571
2020-06-27,0.2794423925264944,19.678571428571423
2020-06-28,0.2597444879742383,20.857142857142858
2020-06-29,0.24071309081053371,17.321428571428577
2020-06-30,0.22236057045608604,20.267857142857146
2020-07-01,0.20469855807577986,20.5625
2020-07-02,0.18773805276621758,13.785714285714283
2020-07-03,0.1714895811594097,14.375000000000004
2020-07-04,0.15596337996838017,14.964285714285717
2020-07-05,0.14116959129131246,16.437500000000004
2020-07-06,0.12711846918460168,15.84821428571429
2020-07-07,0.1138205928269187,16.732142857142854
2020-07-08,0.10128706973247859,15.258928571428568
2020-07-09,0.08952969894334473,17.616071428571427
2020-07-10,0.07856106910924865,15.84821428571429
2020-07-11,0.06839458592933667,20.267857142857146
2020-07-12,0.05904444911601914,21.74107142857143
2020-07-13,0.050525607825306906,19.383928571428573
2020-07-14,0.04285372892651296,17.91071428571429
2020-07-15,0.03604519472562018,13.785714285714283
2020-07-16,0.030117142671901576,12.017857142857148
2020-07-17,0.025087543594040085,13.196428571428571
2020-07-18,0.020975298183429913,16.732142857142854
2020-07-19,0.017800315022835633,19.678571428571423
2020-07-20,0.015583517502033573,16.732142857142854
2020-07-21,0.014346730586272116,19.973214285714285
2020-07-22,0.014112427177170872,23.80357142857143
2020-07-23,0.014903349515389408,21.74107142857143
2020-07-24,0.01674205878654078,17.91071428571429
2020-07-25,0.019650475438659498,17.616071428571427
2020-07-26,0.02364946172267679,17.321428571428577
2020-07-27,0.028758474658907573,18.79464285714286
2020-07-28,0.0349953033964745,20.5625
2020-07-29,0.042375895915593986,15.258928571428568
2020-07-30,0.0509142851742439,17.026785714285715
2020-07-31,0.06062261907477051,18.20535714285714
2020-08-01,0.07151128696770925,15.553571428571429
2020-08-02,0.08358912367436133,14.964285714285717
2020-08-03,0.09686365950887676,15.258928571428568
2020-08-04,0.11134138330021415,12.312499999999998
2020-08-05,0.1270279911111949,12.90178571428572
2020-08-06,0.14392858528740504,16.732142857142854
2020-08-07,0.16204780382501838,16.732142857142854
2020-08-08,0.18138986784817845,13.785714285714283
2020-08-09,0.2019585604158891,12.017857142857148
2020-08-10,0.22375717603305034,12.312499999999998
2020-08-11,0.24678847728541342,14.964285714285717
2020-08-12,0.27105469555772643,16.732142857142854
2020-08-13,0.29655758685613876,17.616071428571427
2020-08-14,0.3232985390239307,14.669642857142858
2020-08-15,0.35127871650017184,13.785714285714283
2020-08-16,0.3804992007275132,11.428571428571434
2020-08-17,0.4109610748209569,13.196428571428571
2020-08-18,0.44266538600243877,15.553571428571429
2020-08-19,0.47561294330609627,15.84821428571429
2020-08-20,0.5098039622362371,14.964285714285717
2020-08-21,0.5452376089906608,18.79464285714286
2020-08-22,0.5819115283851239,18.79464285714286
2020-08-23,0.6198214107324773,18.79464285714286
2020-08-24,0.6589606208363463,18.79464285714286
2020-08-25,0.6993198862849859,21.44642857142857
2020-08-26,0.740887050823833,23.214285714285715
2020-08-27,0.7836469255110323,19.08928571428571
2020-08-28,0.8275812743932498,22.330357142857146
2020-08-29,0.8726689564011991,23.50892857142857
2020-08-30,0.9188862045695778,23.214285714285715
2020-08-31,0.9662069935896156,19.678571428571423
2020-09-01,1.0146034412487026,18.5
2020-09-02,1.0640461914448096,15.258928571428568
2020-09-03,1.1145047430990118,17.91071428571429
2020-09-04,1.165947696123233,21.151785714285708
2020-09-05,1.2183429062282158,20.857142857142858
2020-09-06,1.2716575588938284,22.919642857142854
2020-09-07,1.325858201201342,19.678571428571423
2020-09-08,1.3809107759269246,19.678571428571423
2020-09-09,1.436780693461852,18.20535714285714
2020-09-10,1.493432962466219,14.669642857142858
2020-09-11,1.550832377218292,12.90178571428572
2020-09-12,1.6089437549310404,11.133928571428573
2020-09-13,1.6677321835650005,11.428571428571434
2020-09-14,1.7271632330083442,14.080357142857144
2020-09-15,1.7872030574876163,14.964285714285717
2020-09-16,1.8478183450953622,16.437500000000004
2020-09-17,1.9089761169159836,17.91071428571429
2020-09-18,1.9706434157139974,18.5
2020-09-19,2.0327869530228426,12.90178571428572
2020-09-20,2.095372745024111,7.8928571428571415
2020-09-21,2.1583657479157736,12.90178571428572
2020-09-22,2.2217294852188374,11.723214285714285
2020-09-23,2.285425693162111,14.964285714285717
2020-09-24,2.3494140436797473,17.616071428571427
2020-09-25,2.413652014695966,19.383928571428573
2020-09-26,2.4780949501532135,14.964285714285717
2020-09-27,2.542696293999782,16.437500000000004
2020-09-28,2.6074079458596877,18.79464285714286
2020-09-29,2.6721806678212623,13.785714285714283
2020-09-30,2.7369644851674124,13.491071428571432
2020-10-01,2.8017090323313454,17.026785714285715
2020-10-02,2.8663638202795028,20.5625
2020-10-03,2.9308784048320824,17.026785714285715
2020-10-04,2.9952024743949757,14.080357142857144
2020-10-05,3.059285881490208,17.321428571428577
2020-10-06,3.123078667205519,21.74107142857143
2020-10-07,3.186531114432807,21.44642857142857
2020-10-08,3.249593855524733,23.50892857142857
2020-10-09,3.3122180518319233,17.616071428571427
2020-10-10,3.3743556348948545,15.84821428571429
2020-10-11,3.4359595888264316,11.723214285714285
2020-10-12,3.496984217554626,12.017857142857148
2020-10-13,3.557385336596557,10.25
2020-10-14,3.6171203420935427,11.133928571428573
2020-10-15,3.6761481549462083,14.080357142857144
2020-10-16,3.7344290644574762,16.732142857142854
2020-10-17,3.7919245055730144,17.321428571428577
2020-10-18,3.8485967649600106,17.91071428571429
2020-10-19,3.9044085940272844,16.437500000000004
2020-10-20,3.959322718167879,15.258928571428568
2020-10-21,4.013301292507396,14.669642857142858
2020-10-22,4.066305403016841,13.196428571428571
2020-10-23,4.118294732763488,9.660714285714288
2020-10-24,4.169227451148281,12.607142857142858
2020-10-25,4.219060328027542,17.026785714285715
2020-10-26,4.26774899944899,17.321428571428577
2020-10-27,4.315248317773843,17.616071428571427
2020-10-28,4.361512716147455,16.437500000000004
2020-10-29,4.406496546159406,12.312499999999998
2020-10-30,4.450154352272104,15.258928571428568
2020-10-31,4.492441063999486,18.79464285714286
2020-11-01,4.533312101408722,20.857142857142858
2020-11-02,4.572723427268297,19.383928571428573
2020-11-03,4.610631581085549,20.5625
2020-11-04,4.646993747155843,19.973214285714285
2020-11-05,4.6817678815392405,19.383928571428573
2020-11-06,4.714912927799659,17.91071428571429
2020-11-07,4.746389128058777,16.732142857142854
2020-11-08,4.7761584199370155,16.732142857142854
2020-11-09,4.8041848707864965,14.669642857142858
2020-11-10,4.830435082654478,10.544642857142861
2020-11-11,4.854878503564493,14.669642857142858
2020-11-12,4.877487631480157,17.616071428571427
2020-11-13,4.8982381156448795,12.90178571428572
2020-11-14,4.9171087716727335,14.964285714285717
2020-11-15,4.9340814671823985,11.428571428571434
2020-11-16,4.949140821541729,11.428571428571434
2020-11-17,4.962273682597438,13.196428571428571
2020-11-18,4.973468441072093,14.964285714285717
2020-11-19,4.982714327449784,15.258928571428568
2020-11-20,4.990000865955118,13.196428571428571
2020-11-21,4.9953175917453585,12.312499999999998
2020-11-22,4.998654049732014,10.839285714285712
2020-11-23,5.0,13.785714285714283
2020-11-24,4.999345749515367,12.017857142857148
2020-11-25,4.996682531012464,9.95535714285715
2020-11-26,4.992002872602583,4.946428571428571
2020-11-27,4.985300918250335,5.830357142857144
2020-11-28,4.97657265545822,11.133928571428573
2020-11-29,4.965816052221186,11.428571428571434
2020-11-30,4.953031118657094,12.312499999999998
2020-12-01,4.938219946751161,9.95535714285715
2020-12-02,4.921386769265084,9.071428571428577
2020-12-03,4.902538079553729,6.419642857142856
2020-12-04,4.88168284402839,9.071428571428577
2020-12-05,4.858832841205292,9.660714285714288
2020-12-06,4.8340031307729525,9.366071428571427
2020-12-07,4.807212624573349,11.723214285714285
2020-12-08,4.778484677904515,10.544642857142861
2020-12-09,4.747847618688947,11.723214285714285
2020-12-10,4.715335162494405,10.544642857142861
2020-12-11,4.680986689833784,10.25
2020-12-12,4.644847377280943,7.8928571428571415
2020-12-13,4.60696812038492,10.25
2020-12-14,4.56740518095442,9.071428571428577
2020-12-15,4.526219502408555,10.544642857142861
2020-12-16,4.483475752180883,12.017857142857148
2020-12-17,4.439241251655552,11.723214285714285
2020-12-18,4.393584997569899,12.90178571428572
2020-12-19,4.346576951232173,7.8928571428571415
2020-12-20,4.298287646543102,7.598214285714291
2020-12-21,4.248788085404573,5.830357142857144
2020-12-22,4.198149819927366,8.482142857142865
2020-12-23,4.146445125202263,10.25
2020-12-24,4.093747177641642,11.723214285714285
2020-12-25,4.040130179739805,10.25
2020-12-26,3.9856693900066986,10.25
2020-12-27,3.930441044972266,10.839285714285712
2020-12-28,3.874522196029506,10.25
2020-12-29,3.8179905037441486,14.080357142857144
2020-12-30,3.760924048818257,14.964285714285717
2020-12-31,3.7034012047240594,9.95535714285715
2021-01-01,3.6433802540127047,8.482142857142865
2021-01-02,3.586397085240307,9.366071428571427
2021-01-03,3.529194126785189,12.312499999999998
2021-01-04,3.471851830042638,9.071428571428577
2021-01-05,3.4144522887435436,12.312499999999998
2021-01-06,3.357079772229614,10.25
2021-01-07,3.299821176616664,11.428571428571434
2021-01-08,3.2427663167548992,13.491071428571432
2021-01-09,3.186007996367106,10.839285714285712
2021-01-10,3.129641793206339,13.196428571428571
2021-01-11,3.0737655236073635,11.428571428571434
2021-01-12,3.0184783598180864,7.8928571428571415
2021-01-13,2.9638796619231123,10.544642857142861
2021-01-14,2.910067647986736,9.071428571428577
2021-01-15,2.8571380896187826,12.017857142857148
2021-01-16,2.8051832278912947,13.196428571428571
2021-01-17,2.754291013330654,13.196428571428571
2021-01-18,2.7045446941351514,12.017857142857148
2021-01-19,2.6560226695461253,12.017857142857148
2021-01-20,2.6087984941747955,14.669642857142858
2021-01-21,2.5629409411600257,17.91071428571429
2021-01-22,2.5185140414537877,17.91071428571429
2021-01-23,2.4755770683298373,14.080357142857144
2021-01-24,2.4341844358383646,12.312499999999998
2021-01-25,2.394385512560362,11.428571428571434
2021-01-26,2.35622439678421,12.312499999999998
2021-01-27,2.319739716124616,11.723214285714285
2021-01-28,2.284964527394404,11.428571428571434
2021-01-29,2.2519263660585054,13.785714285714283
2021-01-30,2.220647450576223,14.964285714285717
2021-01-31,2.1911450427231394,14.669642857142858
2021-02-01,2.1634319561311166,14.964285714285717
2021-02-02,2.13751719335896,12.90178571428572
2021-02-03,2.113406682486527,12.017857142857148
2021-02-04,2.091104012449758,12.90178571428572
2021-02-05,2.070611056574432,13.196428571428571
2021-02-06,2.051928370413023,13.785714285714283
2021-02-07,2.035055285217755,13.491071428571432
2021-02-08,2.0199896887746682,12.90178571428572
2021-02-09,2.0067275112617367,8.482142857142865
2021-02-10,1.995261976863354,11.723214285714285
2021-02-11,1.9855827312319896,7.598214285714291
2021-02-12,1.9776749673506977,8.776785714285715
2021-02-13,1.9715187063186868,8.482142857142865
2021-02-14,1.967088331853386,15.553571428571429
2021-02-15,1.9643524120257183,18.5
2021-02-16,1.9632737774754538,18.20535714285714
2021-02-17,1.9638097708624613,17.91071428571429
2021-02-18,1.9659125873884875,14.964285714285717
2021-02-19,1.9695296393628858,14.964285714285717
2021-02-20,1.9746038817155487,6.125000000000005
2021-02-21,1.9810740666284232,8.482142857142865
2021-02-22,1.9888749073398415,14.964285714285717
2021-02-23,1.997937182499534,19.973214285714285
2021-02-24,2.00818784662955,19.678571428571423
2021-02-25,2.019550219943884,22.330357142857146
2021-02-26,2.0319443083739586,23.80357142857143
2021-02-27,2.0452872684631984,24.982142857142854
2021-02-28,2.0594940050215627,24.392857142857142
2021-03-01,2.0744778705060796,22.624999999999996
2021-03-02,2.090151448958313,22.330357142857146
2021-03-03,2.1064273948962686,21.44642857142857
2021-03-04,2.123219273007404,20.267857142857146
2021-03-05,2.140442336147519,21.151785714285708
2021-03-06,2.1580141482424686,26.45535714285714
2021-03-07,2.175854974916742,25.866071428571427
2021-03-08,2.1938879076701845,24.392857142857142
2021-03-09,2.212038726416825,23.214285714285715
2021-03-10,2.230235562874494,27.339285714285715
2021-03-11,2.24840845521431,21.44642857142857
2021-03-12,2.2664888890370705,20.267857142857146
2021-03-13,2.2844094055522213,18.79464285714286
2021-03-14,2.3021033351181863,20.5625
2021-03-15,2.3195046876423575,21.74107142857143
2021-03-16,2.3365481939370625,24.09821428571428
2021-03-17,2.353169474739918,22.919642857142854
2021-03-18,2.369305285319445,22.919642857142854
2021-03-19,2.384893770031269,22.330357142857146
2021-03-20,2.3998746836223184,22.330357142857146
2021-03-21,2.4141895410950553,24.09821428571428
2021-03-22,2.4277816853111034,24.982142857142854
2021-03-23,2.4405962886318378,26.16071428571429
2021-03-24,2.452580315519306,26.45535714285714
2021-03-25,2.46368250117742,27.928571428571423
2021-03-26,2.4738534090243647,27.928571428571423
2021-03-27,2.483045613829429,27.928571428571423
2021-03-28,2.491214017640875,27.928571428571423
2021-03-29,2.4983162611213494,28.8125
2021-03-30,2.5043131697814225,29.40178571428571
2021-03-31,2.5091691774184888,32.64285714285714
2021-04-01,2.51285270759654,30.580357142857142
2021-04-02,2.515336507078718,29.40178571428571
2021-04-03,2.5165979136149907,29.40178571428571
2021-04-04,2.5166190294146418,33.52678571428571
2021-04-05,2.5153867488286963,29.40178571428571
2021-04-06,2.5128926176530797,28.223214285714285
2021-04-07,2.5091325367081296,29.107142857142858
2021-04-08,2.504106359930063,28.223214285714285
2021-04-09,2.497817451183426,27.633928571428573
2021-04-10,2.490272250688861,25.866071428571427
2021-04-11,2.4814798957541484,25.866071428571427
2021-04-12,2.471451922066006,26.16071428571429
2021-04-13,2.4602020529643553,26.16071428571429
2021-04-14,2.4477460734313716,21.74107142857143
2021-04-15,2.434101753826745,22.330357142857146
2021-04-16,2.419288787238205,27.928571428571423
2021-04-17,2.4033287065718767,29.40178571428571
2021-04-18,2.386244763973746,26.749999999999996
2021-04-19,2.3680617665495873,27.633928571428573
2021-04-20,2.348805863020136,24.392857142857142
2021-04-21,2.3285042929864908,26.16071428571429
2021-04-22,2.307185126910003,19.383928571428573
2021-04-23,2.284877049469589,19.678571428571423
2021-04-24,2.2616092436802404,20.267857142857146
2021-04-25,2.2374114045633675,25.866071428571427
2021-04-26,2.212313860281405,25.866071428571427
2021-04-27,2.1863477393007003,26.16071428571429
2021-04-28,2.1595451198745685,27.339285714285715
2021-04-29,2.1319391303486235,25.866071428571427
2021-04-30,2.1035640085684015,25.571428571428566
2021-05-01,2.0744551457802274,27.633928571428573
2021-05-02,2.044649129794731,26.45535714285714
2021-05-03,2.014183764530184,25.571428571428566
2021-05-04,1.9830980305479429,21.74107142857143
2021-05-05,1.9514319516605028,27.04464285714285
2021-05-06,1.9192263683858357,27.339285714285715
2021-05-07,1.8865226467988272,25.866071428571427
2021-05-08,1.8533623687052625,26.749999999999996
2021-05-09,1.8197870466766908,27.928571428571423
2021-05-10,1.7858378914166728,26.45535714285714
2021-05-11,1.7515556399101762,24.6875
2021-05-12,1.716980437466873,22.919642857142854
2021-05-13,1.6821517609591652,22.624999999999996
2021-05-14,1.647108360399141,26.45535714285714
2021-05-15,1.6118882017962832,17.91071428571429
2021-05-16,1.5765283914087647,18.5
2021-05-17,1.541065072138199,23.50892857142857
2021-05-18,1.5055332854804782,23.50892857142857
2021-05-19,1.4699668015615863,21.74107142857143
2021-05-20,1.4343979333421686,19.08928571428571
2021-05-21,1.3988573673548643,16.437500000000004
2021-05-22,1.3633740527617455,17.91071428571429
2021-05-23,1.327975186566377,23.80357142857143
2021-05-24,1.2926863006718214,24.6875
2021-05-25,1.2575314252758396,19.383928571428573
2021-05-26,1.222533273688775,21.151785714285708
2021-05-27,1.187713406316231,22.330357142857146
2021-05-28,1.1530923642748547,20.5625
2021-05-29,1.1186897994507383,20.857142857142858
2021-05-30,1.0845246342019266,22.035714285714285
2021-05-31,1.0506152558157744,22.330357142857146
2021-06-01,1.0169797110545176,22.919642857142854
2021-06-02,0.9836358504136555,24.09821428571428
2021-06-03,0.9506013840248784,20.267857142857146
2021-06-04,0.917893854172398,17.91071428571429
2021-06-05,0.8855305588786777,17.321428571428577
2021-06-06,0.8535284685527778,20.857142857142858
2021-06-07,0.8219041670105298,22.624999999999996
2021-06-08,0.7906738255907442,23.214285714285715
2021-06-09,0.7598532137603264,16.732142857142854
2021-06-10,0.7294577394399582,17.321428571428577
2021-06-11,0.6995025103955577,19.08928571428571
2021-06-12,0.6700023957749401,16.142857142857142
2021-06-13,0.6409720617087267,14.375000000000004
2021-06-14,0.6124259628673734,13.491071428571432
2021-06-15,0.5843782795801289,14.669642857142858
2021-06-16,0.5568428063551067,14.669642857142858
2021-06-17,0.5298328025042842,16.732142857142854
2021-06-18,0.5033608252498922,16.732142857142854
2021-06-19,0.47743857952790236,16.732142857142854
2021-06-20,0.45207682859494724,19.383928571428573
2021-06-21,0.4272853992424963,18.20535714285714
2021-06-22,0.40307328532247055,18.79464285714286
2021-06-23,0.3794488141361363,21.151785714285708
2021-06-24,0.3564198276137631,19.973214285714285
2021-06-25,0.3339938529276587,20.267857142857146
2021-06-26,0.3121782763045644,14.964285714285717
2021-06-27,0.29098055721718197,14.375000000000004
2021-06-28,0.27040849871129424,17.616071428571427
2021-06-29,0.25047054476171837,24.982142857142854
2021-06-30,0.23117604118507273,24.392857142857142
2021-07-01,0.2125354009810998,23.50892857142857
2021-07-02,0.19456015683116945,24.392857142857142
2021-07-03,0.1772629247825641,19.678571428571423
2021-07-04,0.16065732392128496,17.321428571428577
2021-07-05,0.14475789048132626,16.437500000000004
2021-07-06,0.1295800084409393,21.151785714285708
2021-07-07,0.1151398700946693,20.267857142857146
2021-07-08,0.10145447076139291,22.330357142857146
2021-07-09,0.08854163017884886,19.08928571428571
2021-07-10,0.07642001490214767,14.964285714285717
2021-07-11,0.06510912311352257,14.964285714285717
2021-07-12,0.05462920083536105,16.142857142857142
2021-07-13,0.04500107466697045,12.017857142857148
2021-07-14,0.036245909548302535,9.95535714285715
2021-07-15,0.028384904337386274,11.723214285714285
2021-07-16,0.021438950416641234,14.669642857142858
2021-07-17,0.015428285765928251,12.90178571428572
2021-07-18,0.010372190233383094,11.428571428571434
2021-07-19,0.006288771213913691,14.375000000000004
2021-07-20,0.0031948636493517313,15.84821428571429
2021-07-21,0.0011060326180967195,12.017857142857148
2021-07-22,3.664783385204373e-05,10.25
2021-07-23,0.0,10.839285714285712
2021-07-24,0.0010084625002448888,14.375000000000004
2021-07-25,0.0030737160192906288,16.142857142857142
2021-07-26,0.0062070397464886184,16.732142857142854
2021-07-27,0.010419638600929204,16.732142857142854
2021-07-28,0.015722936492714723,15.84821428571429
2021-07-29,0.022128772580263245,14.669642857142858
2021-07-30,0.02964946641402122,17.026785714285715
2021-07-31,0.03829776526282913,15.84821428571429
2021-08-01,0.048086717738620166,16.142857142857142
2021-08-02,0.059029519049769164,17.321428571428577
2021-08-03,0.0711393727260301,16.142857142857142
2021-08-04,0.08442939110260284,16.437500000000004
2021-08-05,0.09891254716317022,14.669642857142858
2021-08-06,0.11460167042192992,17.026785714285715
2021-08-07,0.1315094566464836,19.383928571428573
2021-08-08,0.1496484479308613,21.151785714285708
2021-08-09,0.16903094072405977,22.919642857142854
2021-08-10,0.18966879559798144,18.20535714285714
2021-08-11,0.21157315080062133,18.5
2021-08-12,0.23475405866131283,14.964285714285717
2021-08-13,0.2592200794050825,16.142857142857142
2021-08-14,0.2849778666906744,17.321428571428577
2021-08-15,0.3120317806443218,14.669642857142858
2021-08-16,0.3403835675421796,14.964285714285717
2021-08-17,0.37003213645027344,15.258928571428568
2021-08-18,0.4009734514132113,17.321428571428577
2021-08-19,0.43320054846935463,17.321428571428577
2021-08-20,0.4667036723762763,18.79464285714286
2021-08-21,0.5014705274268394,13.785714285714283
2021-08-22,0.5374866282613766,14.964285714285717
2021-08-23,0.5747357248795026,17.321428571428577
2021-08-24,0.6132002550738491,19.973214285714285
2021-08-25,0.6528617588339536,18.79464285714286
2021-08-26,0.6937011936401838,18.79464285714286
2021-08-27,0.7356991157230119,14.669642857142858
2021-08-28,0.7788357287230419,13.785714285714283
2021-08-29,0.8230908417526095,11.723214285714285
2021-08-30,0.8684437855766092,13.785714285714283
2021-08-31,0.9148733395226216,18.20535714285714
2021-09-01,0.9623577011137563,17.321428571428577
2021-09-02,1.0108745123739915,14.375000000000004
2021-09-03,1.0604009423528282,14.080357142857144
2021-09-04,1.1109137994012208,13.491071428571432
2021-09-05,1.162389631527354,12.90178571428572
2021-09-06,1.2148047665166928,14.375000000000004
2021-09-07,1.2681352542557178,13.196428571428571
2021-09-08,1.3223567033922556,15.84821428571429
2021-09-09,1.3774440309735958,18.5
2021-09-10,1.4333711527506132,18.79464285714286
2021-09-11,1.4901106404574982,14.964285714285717
2021-09-12,1.5476333612736504,17.321428571428577
2021-09-13,1.6059081245080264,17.616071428571427
2021-09-14,1.6649013714022765,18.79464285714286
2021-09-15,1.72457696140345,16.142857142857142
2021-09-16,1.7848961072156122,17.616071428571427
2021-09-17,1.8458174818445805,18.5
2021-09-18,1.9072974996287506,19.383928571428573
2021-09-19,1.9692907327509168,19.678571428571423
2021-09-20,2.03175041192873,13.785714285714283
2021-09-21,2.0946289488115077,17.026785714285715
2021-09-22,2.1578784125980555,18.20535714285714
2021-09-23,2.2214509084318124,17.91071428571429
2021-09-24,2.285298822961952,18.5
2021-09-25,2.3493749388291363,19.08928571428571
2021-09-26,2.4136324502164186,15.84821428571429
2021-09-27,2.478024926099156,14.669642857142858
2021-09-28,2.5425062702047008,13.491071428571432
2021-09-29,2.6070307160831696,16.732142857142854
2021-09-30,2.671552878635435,18.5
2021-10-01,2.7360278687897654,15.553571428571429
2021-10-02,2.8004114515877987,15.84821428571429
2021-10-03,2.86466021224113,17.616071428571427
2021-10-04,2.928731679745553,20.857142857142858
2021-10-05,2.992584371256637,16.437500000000004
2021-10-06,3.056177744473594,14.375000000000004
2021-10-07,3.119472060856996,21.151785714285708
2021-10-08,3.182428168848883,14.964285714285717
2021-10-09,3.2450071981189232,12.90178571428572
2021-10-10,3.3071701573500967,14.080357142857144
2021-10-11,3.3688774487069395,14.964285714285717
2021-10-12,3.430088358577681,12.607142857142858
2021-10-13,3.490760620150084,14.964285714285717
2021-10-14,3.5508501407651316,19.08928571428571
2021-10-15,3.6103109493718044,17.321428571428577
2021-10-16,3.6690953625234535,17.91071428571429
2021-10-17,3.7271543190550283,14.669642857142858
2021-10-18,3.7844378197790185,15.258928571428568
2021-10-19,3.840895402648119,17.91071428571429
2021-10-20,3.896476593662328,20.5625
2021-10-21,3.9511312829340994,22.919642857142854
2021-10-22,4.004809988104192,21.74107142857143
2021-10-23,4.057463999380548,18.79464285714286
2021-10-24,4.109045424269571,19.383928571428573
2021-10-25,4.159507174409711,18.20535714285714
2021-10-26,4.208802943395078,14.080357142857144
2021-10-27,4.256887217277718,13.491071428571432
2021-10-28,4.303715350996864,12.607142857142858
2021-10-29,4.3492437274778695,11.428571428571434
2021-10-30,4.393429989471986,14.080357142857144
2021-10-31,4.436233311431614,13.491071428571432
2021-11-01,4.477614659014204,11.723214285714285
2021-11-02,4.517536998525209,12.312499999999998
2021-11-03,4.555965435256439,13.491071428571432
2021-11-04,4.59286727667731,12.90178571428572
2021-11-05,4.628212002041625,11.723214285714285
2021-11-06,4.661971087201522,14.964285714285717
2021-11-07,4.694117633656827,9.660714285714288
2021-11-08,4.724625791714576,8.187500000000002
2021-11-09,4.753470058318925,10.839285714285712
2021-11-10,4.7806246035587385,8.776785714285715
2021-11-11,4.806062783552889,2.0
2021-11-12,4.829756937825191,7.8928571428571415
2021-11-13,4.85167846805826,12.017857142857148
2021-11-14,4.871798131388125,13.785714285714283
2021-11-15,4.890086465924366,14.964285714285717
2021-11-16,4.906514278811507,14.964285714285717
2021-11-17,4.921053148302832,14.080357142857144
2021-11-18,4.933675885762465,8.482142857142865
2021-11-19,4.944356909442771,9.95535714285715
2021-11-20,4.953072500752302,9.95535714285715
2021-11-21,4.9598009511255015,14.080357142857144
2021-11-22,4.964522634209612,14.964285714285717
2021-11-23,4.9672200571243685,19.08928571428571
2021-11-24,4.967877936260177,14.964285714285717
2021-11-25,4.966483342134875,15.553571428571429
2021-11-26,4.96302594938248,12.017857142857148
2021-11-27,4.95749839960741,7.8928571428571415
2021-11-28,4.9498967514534264,9.660714285714288
2021-11-29,4.940220951634835,9.95535714285715
2021-11-30,4.928475264413876,13.785714285714283
2021-12-01,4.91466862852775,11.723214285714285
2021-12-02,4.898814930441269,11.428571428571434
2021-12-03,4.880933169453545,12.312499999999998
2021-12-04,4.861047427365328,18.20535714285714
2021-12-05,4.8391865312189175,16.142857142857142
2021-12-06,4.8153833547378255,16.142857142857142
2021-12-07,4.789673834736181,12.90178571428572
2021-12-08,4.762095917269367,11.723214285714285
2021-12-09,4.73268867668903,12.90178571428572
2021-12-10,4.701491772812396,14.669642857142858
2021-12-11,4.6685452725830245,11.428571428571434
2021-12-12,4.63388975340882,9.366071428571427
2021-12-13,4.597566585588133,8.482142857142865
2021-12-14,4.559618307774684,10.25
2021-12-15,4.520089038354254,8.482142857142865
2021-12-16,4.479024867156376,11.133928571428573
2021-12-17,4.436474164174253,8.482142857142865
2021-12-18,4.392487768099684,7.303571428571429
2021-12-19,4.347119046627466,2.8839285714285734
2021-12-20,4.3004238598822475,2.8839285714285734
2021-12-21,4.252460473757225,3.767857142857147
2021-12-22,4.2032894708747115,4.946428571428571
2021-12-23,4.152973722709117,6.714285714285717
2021-12-24,4.101578480930819,6.419642857142856
2021-12-25,4.049171626592862,7.598214285714291
2021-12-26,3.9958240597562167,8.776785714285715
2021-12-27,3.941610150181649,7.303571428571429
2021-12-28,3.8866081626131965,7.598214285714291
2021-12-29,3.830900594250597,9.660714285714288
2021-12-30,3.7745744043800045,7.303571428571429
2021-12-31,3.7177211071738725,7.598214285714291
2022-01-01,3.660436635949349,10.839285714285712
2022-01-02,3.6028208530986205,12.607142857142858
2022-01-03,3.5449766140056482,8.482142857142865
2022-01-04,3.487008435872969,8.187500000000002
2022-01-05,3.429020979874,8.187500000000002
2022-01-06,3.3711176265020804,9.95535714285715
2022-01-07,3.313399382636817,10.839285714285712
2022-01-08,3.2559642125184496,11.428571428571434
2022-01-09,3.198906753393107,11.723214285714285
2022-01-10,3.1423183046291214,11.133928571428573
2022-01-11,3.0862869693418205,12.017857142857148
2022-01-12,3.0308978644102424,13.785714285714283
2022-01-13,2.9762333264429053,12.90178571428572
2022-01-14,2.922373065636883,12.017857142857148
2022-01-15,2.8693942240985137,12.607142857142858
2022-01-16,2.8173713225749353,12.312499999999998
2022-01-17,2.7663761118606622,10.544642857142861
2022-01-18,2.7164773629934125,9.95535714285715
2022-01-19,2.6677406551291583,9.660714285714288
2022-01-20,2.6202282321111348,9.660714285714288
2022-01-21,2.573998991347217,12.90178571428572
2022-01-22,2.5291086544462082,12.90178571428572
2022-01-23,2.485610113684853,12.312499999999998
2022-01-24,2.443553903646496,10.25
2022-01-25,2.4029887170966546,9.071428571428577
2022-01-26,2.363961877412155,13.196428571428571
2022-01-27,2.3265197068899646,11.133928571428573
2022-01-28,2.2907077289440814,9.95535714285715
2022-01-29,2.2565706383802286,10.25
2022-01-30,2.224151961183143,15.553571428571429
2022-01-31,2.193493348563411,16.732142857142854
2022-02-01,2.164633526312052,16.142857142857142
2022-02-02,2.137607029523121,15.553571428571429
2022-02-03,2.1124429386418697,14.669642857142858
2022-02-04,2.089163845829294,15.258928571428568
2022-02-05,2.06778519877469,14.964285714285717
2022-02-06,2.0483150571126174,14.669642857142858
2022-02-07,2.0307541819738795,14.375000000000004
2022-02-08,2.0150963402722155,13.491071428571432
2022-02-09,2.001328717339561,12.312499999999998
2022-02-10,1.989432359061265,12.312499999999998
2022-02-11,1.9793825978419122,13.196428571428571
2022-02-12,1.9711494133291474,13.491071428571432
2022-02-13,1.964697703199434,13.196428571428571
2022-02-14,1.9599874590831234,13.196428571428571
2022-02-15,1.9569738845214601,14.669642857142858
2022-02-16,1.955607521127014,14.375000000000004
2022-02-17,1.9558344406153516,15.553571428571429
2022-02-18,1.9575965478130009,14.080357142857144
2022-02-19,1.960832020056209,14.669642857142858
2022-02-20,1.9654758860067112,17.026785714285715
2022-02-21,1.971460737268167,19.383928571428573
2022-02-22,1.9787175236047716,20.5625
2022-02-23,1.9871763614917626,16.142857142857142
2022-02-24,1.9967672585586271,14.080357142857144
2022-02-25,2.0074206691430696,15.258928571428568
2022-02-26,2.0190678263897865,14.080357142857144
2022-02-27,2.031640816885787,16.437500000000004
2022-02-28,2.045072394374472,16.437500000000004
2022-03-01,2.0592955564473137,18.5
2022-03-02,2.074242953209531,17.616071428571427
2022-03-03,2.089846238068951,17.026785714285715
2022-03-04,2.1060355015506893,18.5
2022-03-05,2.1227389054288714,18.5
2022-03-06,2.1398825717600545,17.91071428571429
2022-03-07,2.157390722554826,12.312499999999998
2022-03-08,2.175186007150014,21.151785714285708
2022-03-09,2.193189948319745,21.151785714285708
2022-03-10,2.2113234321393094,22.624999999999996
2022-03-11,2.2295071817583256,22.035714285714285
2022-03-12,2.2476621672854513,22.919642857142854
2022-03-13,2.265709917158212,23.214285714285715
2022-03-14,2.2835727388762983,24.392857142857142
2022-03-15,2.3011738706340346,23.50892857142857
2022-03-16,2.3184376181187716,23.50892857142857
2022-03-17,2.3352895266232565,26.16071428571429
2022-03-18,2.351656621075815,26.16071428571429
2022-03-19,2.367467734958879,24.982142857142854
2022-03-20,2.382653921195672,21.151785714285708
2022-03-21,2.397148934182791,20.5625
2022-03-22,2.4108897528001627,23.214285714285715
2022-03-23,2.4238171071779213,27.339285714285715
2022-03-24,2.435875964703147,27.633928571428573
2022-03-25,2.4470159188024354,25.571428571428566
2022-03-26,2.457191431430541,26.45535714285714
2022-03-27,2.4663618962864575,27.633928571428573
2022-03-28,2.474491510593264,28.223214285714285
2022-03-29,2.481548984312365,28.8125
2022-03-30,2.4875071241204694,29.107142857142858
2022-03-31,2.4923423530206534,28.8125
2022-04-01,2.496034225509618,27.928571428571423
2022-04-02,2.498564993673771,26.749999999999996
2022-04-03,2.4999192783415047,26.16071428571429
2022-04-04,2.5000838721980223,25.866071428571427
2022-04-05,2.4990476795628958,25.27678571428571
2022-04-06,2.496801758342304,26.45535714285714
2022-04-07,2.4933394122976793,27.633928571428573
2022-04-08,2.4886562834468506,26.45535714285714
2022-04-09,2.482750404468277,27.633928571428573
2022-04-10,2.4756221910863196,27.339285714285715
2022-04-11,2.4672743730317848,27.928571428571423
2022-04-12,2.4577118674154086,26.45535714285714
2022-04-13,2.44694162830843,21.44642857142857
2022-04-14,2.434972513228413,20.857142857142858
2022-04-15,2.421815212439018,22.624999999999996
2022-04-16,2.407482263252465,25.27678571428571
2022-04-17,2.391988136944576,23.214285714285715
2022-04-18,2.375349361937289,17.91071428571429
2022-04-19,2.3575846491880625,24.392857142857142
2022-04-20,2.3387150071179263,29.99107142857142
2022-04-21,2.3187638514828457,28.223214285714285
2022-04-22,2.2977571071407787,26.45535714285714
2022-04-23,2.2757232845434494,25.27678571428571
2022-04-24,2.2526934862601955,27.339285714285715
2022-04-25,2.2287013100201136,29.69642857142857
2022-04-26,2.203782635150038,29.99107142857142
2022-04-27,2.177975305411639,31.75892857142857
2022-04-28,2.151318742565813,30.874999999999996
2022-04-29,2.1238535294170546,33.52678571428571
2022-04-30,2.095621000050105,30.580357142857142
2022-05-01,2.066662877355281,21.151785714285708
2022-05-02,2.0370209850098675,25.27678571428571
2022-05-03,2.0067370476373725,25.27678571428571
2022-05-04,1.975852568793659,22.919642857142854
2022-05-05,1.9444087585006287,18.20535714285714
2022-05-06,1.912446482508745,22.035714285714285
2022-05-07,1.8800062067525403,24.392857142857142
2022-05-08,1.8471279223650328,24.6875
2022-05-09,1.8138510369062466,22.330357142857146
2022-05-10,1.7802142299190926,14.375000000000004
2022-05-11,1.7462552837544187,12.90178571428572
2022-05-12,1.7120109224379654,10.544642857142861
2022-05-13,1.677516701900501,15.258928571428568
2022-05-14,1.6428069779027332,22.035714285714285
2022-05-15,1.6079149503708479,22.035714285714285
2022-05-16,1.5728727506498785,18.20535714285714
2022-05-17,1.5377115346930559,17.91071428571429
2022-05-18,1.5024615679438114,19.383928571428573
2022-05-19,1.4671523139368148,8.482142857142865
2022-05-20,1.4318125548601834,12.017857142857148
2022-05-21,1.396470552990099,14.964285714285717
2022-05-22,1.361154230461885,17.91071428571429
2022-05-23,1.3258913195127064,19.973214285714285
2022-05-24,1.290709434719357,24.982142857142854
2022-05-25,1.2556360427733715,20.267857142857146
2022-05-26,1.2206983426544404,21.151785714285708
2022-05-27,1.1859230901469608,24.6875
2022-05-28,1.1513364095859657,19.973214285714285
2022-05-29,1.1169636262598814,20.857142857142858
2022-05-30,1.0828291386596334,18.20535714285714
2022-05-31,1.0489563412797054,18.79464285714286
2022-06-01,1.0153675963459818,22.035714285714285
2022-06-02,0.982084247438415,23.50892857142857
2022-06-03,0.9491266592728564,18.79464285714286
2022-06-04,0.9165142621922051,19.08928571428571
2022-06-05,0.8842655825963597,19.678571428571423
2022-06-06,0.8523982405279895,20.857142857142858
2022-06-07,0.8209289084931548,21.151785714285708
2022-06-08,0.7898732322595414,21.74107142857143
2022-06-09,0.7592457357005955,19.383928571428573
2022-06-10,0.7290597437302893,18.5
2022-06-11,0.6993273623632135,17.321428571428577
2022-06-12,0.6700595324867997,15.553571428571429
2022-06-13,0.6412661488391791,17.321428571428577
2022-06-14,0.6129562082687379,17.321428571428577
2022-06-15,0.5851379573818072,17.616071428571427
2022-06-16,0.557819042543759,19.973214285714285
2022-06-17,0.5310066932449331,20.267857142857146
2022-06-18,0.5047079789301456,17.91071428571429
2022-06-19,0.47893013805726525,19.08928571428571
2022-06-20,0.4536809302852518,18.79464285714286
2022-06-21,0.42896893046274087,16.142857142857142
2022-06-22,0.40480370040059555,14.669642857142858
2022-06-23,0.381195823987035,15.84821428571429
2022-06-24,0.35815683820681343,14.964285714285717
2022-06-25,0.33569911034918576,13.785714285714283
2022-06-26,0.31383570550017836,16.142857142857142
2022-06-27,0.2925802657955501,17.616071428571427
2022-06-28,0.2719469178181555,14.080357142857144
2022-06-29,0.2519502145466035,18.20535714285714
2022-06-30,0.23260511643004023,16.142857142857142
2022-07-01,0.21392699953505456,17.321428571428577
2022-07-02,0.19593166590466282,18.79464285714286
2022-07-03,0.17863532823868766,17.026785714285715
2022-07-04,0.16205454804470776,14.080357142857144
2022-07-05,0.14620611869657907,15.258928571428568
2022-07-06,0.13110689092604488,12.90178571428572
2022-07-07,0.11677355176923143,10.839285714285712
2022-07-08,0.10322238844848286,10.839285714285712
2022-07-09,0.09046908632884154,11.723214285714285
2022-07-10,0.0785286061519308,13.785714285714283
2022-07-11,0.06741515841895307,11.723214285714285
2022-07-12,0.05714224698092352,16.142857142857142
2022-07-13,0.047722744521632166,11.428571428571434
2022-07-14,0.039168981859791785,10.25
2022-07-15,0.03149288535343686,13.491071428571432
2022-07-16,0.024706213897331963,12.607142857142858
2022-07-17,0.018820912733463757,16.142857142857142
2022-07-18,0.013849531099623391,14.375000000000004
2022-07-19,0.009805597354244355,20.5625
2022-07-20,0.006703853405483073,21.151785714285708
2022-07-21,0.004560305408585208,17.616071428571427
2022-07-22,0.0033921162756023193,16.142857142857142
2022-07-23,0.0032174017252728504,15.84821428571429
2022-07-24,0.004054988011876759,14.964285714285717
2022-07-25,0.005924168986908285,18.79464285714286
