time,tavg,tmin,tmax,prcp,date,solar_energy_generated
01-01-2020,22.0,19.2,27.2,,2020-01-01 05:30:00+05:30,-37.37104030108069
02-01-2020,22.2,19.4,27.8,,2020-01-02 05:30:00+05:30,-37.928751768598666
03-01-2020,23.4,19.4,28.4,,2020-01-03 05:30:00+05:30,-40.203641534120834
04-01-2020,23.6,18.6,30.5,0.0,2020-01-04 05:30:00+05:30,-40.76850506896372
05-01-2020,24.2,20.4,30.5,,2020-01-05 05:30:00+05:30,-42.02610906442081
06-01-2020,22.1,20.4,30.8,0.3,2020-01-06 05:30:00+05:30,-38.575671129865874
07-01-2020,22.2,18.8,26.2,0.0,2020-01-07 05:30:00+05:30,-38.94185366873139
08-01-2020,22.7,18.2,28.3,,2020-01-08 05:30:00+05:30,-40.00881574344738
09-01-2020,23.1,18.0,29.8,,2020-01-09 05:30:00+05:30,-40.90068332323379
10-01-2020,22.1,14.8,30.4,,2020-01-10 05:30:00+05:30,-39.30257231264718
11-01-2020,20.8,15.6,29.2,,2020-01-11 05:30:00+05:30,-37.14688322295194
12-01-2020,21.1,15.5,28.5,,2020-01-12 05:30:00+05:30,-37.83475913384201
13-01-2020,22.9,17.4,28.8,,2020-01-13 05:30:00+05:30,-41.22034202162875
14-01-2020,21.9,16.4,29.0,,2020-01-14 05:30:00+05:30,-39.56444117948953
15-01-2020,21.0,14.4,29.5,,2020-01-15 05:30:00+05:30,-38.06987632541819
16-01-2020,21.8,15.3,29.5,,2020-01-16 05:30:00+05:30,-39.64930978864062
17-01-2020,22.1,15.8,28.7,,2020-01-17 05:30:00+05:30,-40.31840660322951
18-01-2020,22.4,18.4,29.9,,2020-01-18 05:30:00+05:30,-40.98313798551999
19-01-2020,23.3,19.2,28.8,,2020-01-19 05:30:00+05:30,-42.743727822965795
20-01-2020,23.3,17.7,29.8,,2020-01-20 05:30:00+05:30,-42.849299497977235
21-01-2020,22.6,17.2,31.0,,2020-01-21 05:30:00+05:30,-41.65607436229873
22-01-2020,22.3,16.0,30.2,,2020-01-22 05:30:00+05:30,-41.18757634422518
23-01-2020,23.2,17.9,30.1,,2020-01-23 05:30:00+05:30,-42.928802197176665
24-01-2020,22.7,17.0,30.4,,2020-01-24 05:30:00+05:30,-42.071942452813126
25-01-2020,22.6,15.4,31.3,,2020-01-25 05:30:00+05:30,-41.945580289391074
26-01-2020,23.4,15.5,31.7,,2020-01-26 05:30:00+05:30,-43.48190496120043
27-01-2020,23.9,15.9,32.7,,2020-01-27 05:30:00+05:30,-44.453737024802656
28-01-2020,23.9,19.1,31.8,,2020-01-28 05:30:00+05:30,-44.48644033801166
29-01-2020,24.2,18.3,31.6,,2020-01-29 05:30:00+05:30,-45.067690021662344
30-01-2020,24.8,17.5,32.0,,2020-01-30 05:30:00+05:30,-46.19785051183939
31-01-2020,25.1,19.0,33.4,,2020-01-31 05:30:00+05:30,-46.75878390917774
01-02-2020,23.4,18.8,32.7,,2020-02-01 05:30:00+05:30,-43.58392279282224
02-02-2020,22.9,17.4,30.5,,2020-02-02 05:30:00+05:30,-42.63457037717006
03-02-2020,23.3,17.2,29.2,,2020-02-03 05:30:00+05:30,-43.35065917197826
04-02-2020,23.5,16.0,31.0,,2020-02-04 05:30:00+05:30,-43.68355382078315
05-02-2020,23.7,18.5,30.4,,2020-02-05 05:30:00+05:30,-44.00532903399745
06-02-2020,24.0,17.7,30.3,,2020-02-06 05:30:00+05:30,-44.50113870168055
07-02-2020,23.7,18.0,31.0,,2020-02-07 05:30:00+05:30,-43.87397379583632
08-02-2020,24.4,19.0,30.8,,2020-02-08 05:30:00+05:30,-45.08610173920843
09-02-2020,23.8,18.2,31.6,,2020-02-09 05:30:00+05:30,-43.88532557075001
10-02-2020,23.2,18.8,30.4,,2020-02-10 05:30:00+05:30,-42.67907893958615
11-02-2020,23.2,16.4,29.3,,2020-02-11 05:30:00+05:30,-42.569149253382655
12-02-2020,23.3,17.4,30.4,,2020-02-12 05:30:00+05:30,-42.632255043821154
13-02-2020,24.5,18.6,29.2,,2020-02-13 05:30:00+05:30,-44.69095504682267
14-02-2020,24.7,18.0,32.2,,2020-02-14 05:30:00+05:30,-44.907380517896904
15-02-2020,25.2,17.6,32.3,,2020-02-15 05:30:00+05:30,-45.65462154918833
16-02-2020,24.8,17.5,33.1,,2020-02-16 05:30:00+05:30,-44.760562504843975
17-02-2020,23.9,17.2,32.6,,2020-02-17 05:30:00+05:30,-42.96328033956525
18-02-2020,23.9,17.0,32.4,,2020-02-18 05:30:00+05:30,-42.780791066310144
19-02-2020,23.8,17.6,32.6,,2020-02-19 05:30:00+05:30,-42.410609785051044
20-02-2020,23.7,16.5,31.5,,2020-02-20 05:30:00+05:30,-42.03270590313673
21-02-2020,24.0,16.6,32.6,,2020-02-21 05:30:00+05:30,-42.35317745943691
22-02-2020,24.1,18.4,32.2,,2020-02-22 05:30:00+05:30,-42.30789462118173
23-02-2020,23.7,18.0,31.4,,2020-02-23 05:30:00+05:30,-41.37860199666313
24-02-2020,23.3,18.6,31.0,,2020-02-24 05:30:00+05:30,-40.44824363895514
25-02-2020,25.0,18.0,31.8,,2020-02-25 05:30:00+05:30,-43.141277997291496
26-02-2020,25.4,19.4,32.5,,2020-02-26 05:30:00+05:30,-43.56009336731667
27-02-2020,25.2,20.4,32.4,,2020-02-27 05:30:00+05:30,-42.93885771744445
28-02-2020,24.5,19.2,31.6,,2020-02-28 05:30:00+05:30,-41.46709951140559
29-02-2020,25.2,19.5,30.8,,2020-02-29 05:30:00+05:30,-42.35635245075929
01-03-2020,25.5,20.2,32.8,,2020-03-01 05:30:00+05:30,-42.55346364331367
02-03-2020,24.5,20.4,32.3,,2020-03-02 05:30:00+05:30,-40.58141486050627
03-03-2020,25.8,20.0,30.6,0.0,2020-03-03 05:30:00+05:30,-42.40727294931559
04-03-2020,26.4,21.4,33.0,1.0,2020-03-04 05:30:00+05:30,-43.05043032114383
05-03-2020,27.4,21.6,32.4,0.0,2020-03-05 05:30:00+05:30,-44.31703842009668
06-03-2020,26.6,22.4,33.4,,2020-03-06 05:30:00+05:30,-42.662117729826534
07-03-2020,26.1,22.3,33.4,1.0,2020-03-07 05:30:00+05:30,-41.498875567374995
08-03-2020,26.4,21.2,32.3,0.0,2020-03-08 05:30:00+05:30,-41.60349540991487
09-03-2020,26.4,21.6,33.3,,2020-03-09 05:30:00+05:30,-41.22452939918263
10-03-2020,27.0,22.4,32.9,,2020-03-10 05:30:00+05:30,-41.767481769870024
11-03-2020,26.9,22.2,34.0,,2020-03-11 05:30:00+05:30,-41.21427783879966
12-03-2020,26.3,19.6,33.6,,2020-03-12 05:30:00+05:30,-39.899880998472526
13-03-2020,26.4,21.0,34.4,,2020-03-13 05:30:00+05:30,-39.649816028679865
14-03-2020,26.9,20.4,33.8,,2020-03-14 05:30:00+05:30,-39.98648048737725
15-03-2020,26.6,20.5,34.4,,2020-03-15 05:30:00+05:30,-39.12637035506964
16-03-2020,26.6,19.3,34.5,,2020-03-16 05:30:00+05:30,-38.7080170226066
17-03-2020,26.3,20.2,34.2,,2020-03-17 05:30:00+05:30,-37.85398380978631
18-03-2020,27.2,19.4,32.8,,2020-03-18 05:30:00+05:30,-38.71393438742494
19-03-2020,27.6,20.9,35.2,,2020-03-19 05:30:00+05:30,-38.83800075039366
20-03-2020,25.4,21.6,35.2,,2020-03-20 05:30:00+05:30,-35.32958554938346
21-03-2020,27.4,22.0,34.1,1.0,2020-03-21 05:30:00+05:30,-37.66352928442857
22-03-2020,27.8,22.8,35.4,0.0,2020-03-22 05:30:00+05:30,-37.75639017201599
23-03-2020,25.3,22.8,34.4,0.0,2020-03-23 05:30:00+05:30,-33.9431486602
24-03-2020,27.4,20.8,34.4,5.1,2020-03-24 05:30:00+05:30,-36.306138144897645
25-03-2020,26.8,21.0,34.7,0.0,2020-03-25 05:30:00+05:30,-35.06513161215503
26-03-2020,26.9,20.6,33.8,,2020-03-26 05:30:00+05:30,-34.74712627545774
27-03-2020,26.4,19.6,33.8,,2020-03-27 05:30:00+05:30,-33.65989527459112
28-03-2020,26.9,19.2,34.0,,2020-03-28 05:30:00+05:30,-33.847082605702596
29-03-2020,27.8,19.4,35.2,,2020-03-29 05:30:00+05:30,-34.51385565145231
30-03-2020,27.8,21.4,35.6,,2020-03-30 05:30:00+05:30,-34.04823071114518
31-03-2020,27.8,19.6,36.1,,2020-03-31 05:30:00+05:30,-33.582947695906824
01-04-2020,28.8,21.0,35.4,,2020-04-01 05:30:00+05:30,-34.310124264007946
02-04-2020,28.8,22.0,36.0,,2020-04-02 05:30:00+05:30,-33.82977110153663
03-04-2020,28.5,23.0,35.8,,2020-04-03 05:30:00+05:30,-33.003330718735064
04-04-2020,28.4,22.1,35.6,,2020-04-04 05:30:00+05:30,-32.41676895453869
05-04-2020,28.8,22.3,36.0,,2020-04-05 05:30:00+05:30,-32.39794005632993
06-04-2020,27.7,21.8,36.4,0.0,2020-04-06 05:30:00+05:30,-30.705531353194107
07-04-2020,25.0,21.0,35.6,30.0,2020-04-07 05:30:00+05:30,-27.30430118960969
08-04-2020,26.8,21.0,32.8,0.0,2020-04-08 05:30:00+05:30,-28.83544285257739
09-04-2020,24.9,19.8,33.7,0.0,2020-04-09 05:30:00+05:30,-26.39022537070435
10-04-2020,24.7,18.6,33.4,33.3,2020-04-10 05:30:00+05:30,-25.78389067713366
11-04-2020,26.6,21.0,31.8,0.0,2020-04-11 05:30:00+05:30,-27.346474366173418
12-04-2020,27.1,20.5,32.2,,2020-04-12 05:30:00+05:30,-27.436090047293234
13-04-2020,27.6,20.5,34.8,,2020-04-13 05:30:00+05:30,-27.514698460970795
14-04-2020,27.3,19.6,34.8,,2020-04-14 05:30:00+05:30,-26.7975536068056
15-04-2020,27.7,20.8,34.6,,2020-04-15 05:30:00+05:30,-26.771200397355194
16-04-2020,28.0,23.0,34.5,,2020-04-16 05:30:00+05:30,-26.64313088731832
17-04-2020,28.3,23.5,34.9,,2020-04-17 05:30:00+05:30,-26.511933158126883
18-04-2020,28.4,23.8,35.2,,2020-04-18 05:30:00+05:30,-26.193577435755298
19-04-2020,28.2,24.0,34.4,,2020-04-19 05:30:00+05:30,-25.606268243136117
20-04-2020,28.2,22.6,34.2,,2020-04-20 05:30:00+05:30,-25.20993937704938
21-04-2020,28.0,22.3,34.2,,2020-04-21 05:30:00+05:30,-24.644321096114734
22-04-2020,29.6,24.6,34.6,,2020-04-22 05:30:00+05:30,-25.650940935833837
23-04-2020,29.1,23.4,35.4,,2020-04-23 05:30:00+05:30,-24.830195334461756
24-04-2020,25.7,20.5,36.0,23.1,2020-04-24 05:30:00+05:30,-21.593593518614615
25-04-2020,25.8,22.7,30.8,0.0,2020-04-25 05:30:00+05:30,-21.347727022420017
26-04-2020,26.7,22.6,32.0,0.0,2020-04-26 05:30:00+05:30,-21.758315194090176
27-04-2020,26.7,22.4,31.6,0.0,2020-04-27 05:30:00+05:30,-21.43165703757837
28-04-2020,27.2,23.0,34.8,3.0,2020-04-28 05:30:00+05:30,-21.507941698657017
29-04-2020,23.2,19.6,34.0,30.7,2020-04-29 05:30:00+05:30,-18.074447123607456
30-04-2020,26.5,21.0,33.8,1.0,2020-04-30 05:30:00+05:30,-20.34409986699103
01-05-2020,28.7,23.0,32.8,0.0,2020-05-01 05:30:00+05:30,-21.715291349957518
02-05-2020,27.7,23.7,33.6,,2020-05-02 05:30:00+05:30,-20.66035439365614
03-05-2020,27.5,23.2,33.4,,2020-05-03 05:30:00+05:30,-20.223484083396475
04-05-2020,28.7,23.0,33.8,,2020-05-04 05:30:00+05:30,-20.814696115575842
05-05-2020,29.1,23.4,34.8,,2020-05-05 05:30:00+05:30,-20.81875684941574
06-05-2020,27.2,22.2,34.3,,2020-05-06 05:30:00+05:30,-19.200944758448358
07-05-2020,26.9,23.1,33.6,,2020-05-07 05:30:00+05:30,-18.74242562929485
08-05-2020,27.7,23.4,32.5,,2020-05-08 05:30:00+05:30,-19.05507007794718
09-05-2020,29.1,23.8,35.2,0.0,2020-05-09 05:30:00+05:30,-19.770954418735087
10-05-2020,29.0,24.0,35.2,0.0,2020-05-10 05:30:00+05:30,-19.46667859090698
11-05-2020,28.3,23.6,35.3,,2020-05-11 05:30:00+05:30,-18.776008030406267
12-05-2020,27.6,23.4,34.0,,2020-05-12 05:30:00+05:30,-18.105926834949507
13-05-2020,27.9,22.4,33.8,,2020-05-13 05:30:00+05:30,-18.104666313669053
14-05-2020,28.7,23.7,33.8,,2020-05-14 05:30:00+05:30,-18.430210871779163
15-05-2020,29.0,24.0,34.9,0.0,2020-05-15 05:30:00+05:30,-18.437553173352818
16-05-2020,28.3,24.0,35.2,,2020-05-16 05:30:00+05:30,-17.821751884852876
17-05-2020,27.8,22.8,34.7,,2020-05-17 05:30:00+05:30,-17.34905421042347
18-05-2020,25.3,21.2,35.6,10.9,2020-05-18 05:30:00+05:30,-15.654280087969472
19-05-2020,26.7,22.6,31.5,0.0,2020-05-19 05:30:00+05:30,-16.387985142871045
20-05-2020,27.8,21.8,32.8,,2020-05-20 05:30:00+05:30,-16.93503231411433
21-05-2020,26.4,22.0,33.2,,2020-05-21 05:30:00+05:30,-15.96988301389442
22-05-2020,28.6,22.1,34.6,0.0,2020-05-22 05:30:00+05:30,-17.18912540700696
23-05-2020,28.7,22.9,35.3,,2020-05-23 05:30:00+05:30,-17.14730576078018
24-05-2020,25.6,21.8,35.6,0.0,2020-05-24 05:30:00+05:30,-15.213131529872308
25-05-2020,26.7,22.0,34.4,35.3,2020-05-25 05:30:00+05:30,-15.790439967516514
26-05-2020,25.6,20.4,33.4,0.0,2020-05-26 05:30:00+05:30,-15.075347932700195
27-05-2020,24.1,20.9,32.9,31.0,2020-05-27 05:30:00+05:30,-14.139325068643354
28-05-2020,24.9,20.8,32.6,0.0,2020-05-28 05:30:00+05:30,-14.562445618808818
29-05-2020,24.1,20.6,32.4,4.3,2020-05-29 05:30:00+05:30,-14.057668333389783
30-05-2020,24.6,20.2,32.6,24.4,2020-05-30 05:30:00+05:30,-14.319546672961176
31-05-2020,26.3,22.4,31.9,0.3,2020-05-31 05:30:00+05:30,-15.285620825610817
01-06-2020,25.9,22.4,32.8,0.0,2020-06-01 05:30:00+05:30,-15.038141250391627
02-06-2020,24.4,20.3,32.0,0.0,2020-06-02 05:30:00+05:30,-14.160668226037519
03-06-2020,24.7,21.2,28.8,0.0,2020-06-03 05:30:00+05:30,-14.33577554485741
04-06-2020,25.4,21.8,29.4,0.0,2020-06-04 05:30:00+05:30,-14.750844821701053
05-06-2020,25.7,21.6,31.2,0.0,2020-06-05 05:30:00+05:30,-14.941732958135193
06-06-2020,24.6,20.4,31.4,0.0,2020-06-06 05:30:00+05:30,-14.325495807792871
07-06-2020,24.5,20.8,30.4,20.3,2020-06-07 05:30:00+05:30,-14.297659601666021
08-06-2020,26.2,21.2,31.8,0.0,2020-06-08 05:30:00+05:30,-15.32982013557301
09-06-2020,25.4,21.6,32.5,0.0,2020-06-09 05:30:00+05:30,-14.907798169366774
10-06-2020,24.7,21.6,30.0,,2020-06-10 05:30:00+05:30,-14.548628495281923
11-06-2020,23.1,19.8,30.5,1.0,2020-06-11 05:30:00+05:30,-13.660843436969813
12-06-2020,23.0,19.8,27.6,20.6,2020-06-12 05:30:00+05:30,-13.662255227048338
13-06-2020,23.3,20.0,28.4,0.0,2020-06-13 05:30:00+05:30,-13.907888704237806
14-06-2020,23.9,21.0,29.8,1.8,2020-06-14 05:30:00+05:30,-14.34129555203618
15-06-2020,25.0,21.2,28.9,0.0,2020-06-15 05:30:00+05:30,-15.08629553533769
16-06-2020,24.8,20.6,34.3,2.0,2020-06-16 05:30:00+05:30,-15.055856322820798
17-06-2020,23.4,21.4,28.0,0.0,2020-06-17 05:30:00+05:30,-14.296566012031992
18-06-2020,23.3,20.6,27.2,0.0,2020-06-18 05:30:00+05:30,-14.330996527706633
19-06-2020,24.7,20.7,30.8,0.0,2020-06-19 05:30:00+05:30,-15.29874547980028
20-06-2020,25.2,21.2,29.6,0.0,2020-06-20 05:30:00+05:30,-15.722537206683977
21-06-2020,23.8,21.1,30.3,0.0,2020-06-21 05:30:00+05:30,-14.961593351671915
22-06-2020,23.4,21.0,28.8,0.3,2020-06-22 05:30:00+05:30,-14.825236770295678
23-06-2020,25.3,20.6,30.8,2.3,2020-06-23 05:30:00+05:30,-16.158003001443134
24-06-2020,24.2,20.2,30.4,4.6,2020-06-24 05:30:00+05:30,-15.582992585373118
25-06-2020,23.7,19.3,31.4,22.1,2020-06-25 05:30:00+05:30,-15.389689686668078
26-06-2020,24.2,20.4,30.4,39.6,2020-06-26 05:30:00+05:30,-15.849361981650786
27-06-2020,24.4,21.0,29.2,0.0,2020-06-27 05:30:00+05:30,-16.11988102555661
28-06-2020,24.8,21.4,29.0,2.3,2020-06-28 05:30:00+05:30,-16.529222599605692
29-06-2020,23.6,21.2,30.0,0.0,2020-06-29 05:30:00+05:30,-15.8703956475895
30-06-2020,24.6,20.2,29.8,1.3,2020-06-30 05:30:00+05:30,-16.69266845622365
01-07-2020,24.7,21.2,29.4,0.0,2020-07-01 05:30:00+05:30,-16.913615888764095
02-07-2020,22.4,20.3,28.4,,2020-07-02 05:30:00+05:30,-15.479773016624556
03-07-2020,22.6,19.7,26.5,7.1,2020-07-03 05:30:00+05:30,-15.762484792883175
04-07-2020,22.8,20.0,28.4,7.1,2020-07-04 05:30:00+05:30,-16.049735448672624
05-07-2020,23.3,21.0,27.2,0.0,2020-07-05 05:30:00+05:30,-16.554555176724616
06-07-2020,23.1,20.6,27.6,0.5,2020-07-06 05:30:00+05:30,-16.565661764343623
07-07-2020,23.4,20.8,30.0,0.0,2020-07-07 05:30:00+05:30,-16.937514800140736
08-07-2020,22.9,20.6,28.6,7.4,2020-07-08 05:30:00+05:30,-16.73029389784069
09-07-2020,23.7,20.2,29.4,24.4,2020-07-09 05:30:00+05:30,-17.476062804641614
10-07-2020,23.1,20.6,28.8,29.2,2020-07-10 05:30:00+05:30,-17.19187107958503
11-07-2020,24.6,21.0,28.8,0.5,2020-07-11 05:30:00+05:30,-18.47765770984387
12-07-2020,25.1,21.0,29.4,0.3,2020-07-12 05:30:00+05:30,-19.02685398452801
13-07-2020,24.3,21.5,29.3,0.0,2020-07-13 05:30:00+05:30,-18.58908281100828
14-07-2020,23.8,21.4,29.4,0.0,2020-07-14 05:30:00+05:30,-18.372162285470434
15-07-2020,22.4,21.8,26.2,0.0,2020-07-15 05:30:00+05:30,-17.447469380042143
16-07-2020,21.8,20.6,26.0,6.6,2020-07-16 05:30:00+05:30,-17.131990287144422
17-07-2020,22.2,20.4,25.2,10.9,2020-07-17 05:30:00+05:30,-17.600835723886536
18-07-2020,23.4,20.9,27.8,0.0,2020-07-18 05:30:00+05:30,-18.71472772728771
19-07-2020,24.4,21.4,29.8,0.8,2020-07-19 05:30:00+05:30,-19.68336607093647
20-07-2020,23.4,21.8,29.6,11.2,2020-07-20 05:30:00+05:30,-19.037852959938874
21-07-2020,24.5,19.0,29.6,24.1,2020-07-21 05:30:00+05:30,-20.100533135961754
22-07-2020,25.8,22.0,30.4,0.0,2020-07-22 05:30:00+05:30,-21.342419554309664
23-07-2020,25.1,20.8,31.0,,2020-07-23 05:30:00+05:30,-20.932434599986696
24-07-2020,23.8,21.5,30.8,4.3,2020-07-24 05:30:00+05:30,-20.006984950507807
25-07-2020,23.7,20.5,29.8,0.0,2020-07-25 05:30:00+05:30,-20.07917043758326
26-07-2020,23.6,20.4,29.4,4.1,2020-07-26 05:30:00+05:30,-20.148103680931396
27-07-2020,24.1,20.4,28.8,0.0,2020-07-27 05:30:00+05:30,-20.729763904845964
28-07-2020,24.7,20.6,29.0,2.3,2020-07-28 05:30:00+05:30,-21.40220202400111
29-07-2020,22.9,21.2,29.5,7.9,2020-07-29 05:30:00+05:30,-19.985228805792485
30-07-2020,23.5,20.2,28.8,1.3,2020-07-30 05:30:00+05:30,-20.652881355113408
31-07-2020,23.9,21.4,28.6,4.1,2020-07-31 05:30:00+05:30,-21.148329661139197
01-08-2020,23.0,20.4,29.6,2.0,2020-08-01 05:30:00+05:30,-20.487880423738208
02-08-2020,22.8,19.6,28.0,3.3,2020-08-02 05:30:00+05:30,-20.441855368971883
03-08-2020,22.9,20.4,27.8,2.5,2020-08-03 05:30:00+05:30,-20.661520893807367
04-08-2020,21.9,19.8,26.0,1.5,2020-08-04 05:30:00+05:30,-19.880961247013325
05-08-2020,22.1,19.8,25.8,1.8,2020-08-05 05:30:00+05:30,-20.182611557251935
06-08-2020,23.4,20.8,29.8,2.8,2020-08-06 05:30:00+05:30,-21.49406334754898
07-08-2020,23.4,21.4,27.8,1.3,2020-08-07 05:30:00+05:30,-21.615353103342613
08-08-2020,22.4,20.3,27.2,0.0,2020-08-08 05:30:00+05:30,-20.804871998456097
09-08-2020,21.8,20.2,27.4,2.3,2020-08-09 05:30:00+05:30,-20.355010768562003
10-08-2020,21.9,19.5,26.0,12.2,2020-08-10 05:30:00+05:30,-20.553440799142937
11-08-2020,22.8,20.6,27.8,0.0,2020-08-11 05:30:00+05:30,-21.504487226460984
12-08-2020,23.4,20.5,28.0,5.1,2020-08-12 05:30:00+05:30,-22.176479380056325
13-08-2020,23.7,20.6,27.9,0.0,2020-08-13 05:30:00+05:30,-22.565067169238308
14-08-2020,22.7,20.2,28.0,0.0,2020-08-14 05:30:00+05:30,-21.709758756670464
15-08-2020,22.4,20.4,25.6,0.0,2020-08-15 05:30:00+05:30,-21.515303767699958
16-08-2020,21.6,20.0,25.6,,2020-08-16 05:30:00+05:30,-20.833057602304855
17-08-2020,22.2,20.1,26.8,0.3,2020-08-17 05:30:00+05:30,-21.49717422024597
18-08-2020,23.0,20.6,26.2,1.0,2020-08-18 05:30:00+05:30,-22.357049008597016
19-08-2020,23.1,20.4,26.4,0.0,2020-08-19 05:30:00+05:30,-22.536462288688117
20-08-2020,22.8,20.6,26.8,,2020-08-20 05:30:00+05:30,-22.32155978437898
21-08-2020,24.1,19.8,28.8,,2020-08-21 05:30:00+05:30,-23.672911561938903
22-08-2020,24.1,20.6,28.0,,2020-08-22 05:30:00+05:30,-23.747951026649204
23-08-2020,24.1,21.0,29.2,,2020-08-23 05:30:00+05:30,-23.81940567880634
24-08-2020,24.1,20.9,27.8,2.0,2020-08-24 05:30:00+05:30,-23.88729387876269
25-08-2020,25.0,20.5,29.8,0.0,2020-08-25 05:30:00+05:30,-24.8461007948382
26-08-2020,25.6,22.0,30.2,0.0,2020-08-26 05:30:00+05:30,-25.507032033988967
27-08-2020,24.2,21.2,30.0,,2020-08-27 05:30:00+05:30,-24.169723885531184
28-08-2020,25.3,20.4,30.8,0.0,2020-08-28 05:30:00+05:30,-25.324988021503255
29-08-2020,25.7,20.8,30.8,,2020-08-29 05:30:00+05:30,-25.77934888131385
30-08-2020,25.6,21.6,31.0,,2020-08-30 05:30:00+05:30,-25.729329573151063
31-08-2020,24.4,19.4,31.7,23.1,2020-08-31 05:30:00+05:30,-24.567997508977943
01-09-2020,24.0,20.0,29.8,18.8,2020-09-01 05:30:00+05:30,-24.206206198852012
02-09-2020,22.9,20.6,28.4,2.0,2020-09-02 05:30:00+05:30,-23.133066943765854
03-09-2020,23.8,20.5,27.8,29.7,2020-09-03 05:30:00+05:30,-24.077219004188933
04-09-2020,24.9,21.0,29.2,9.7,2020-09-04 05:30:00+05:30,-25.223915472927164
05-09-2020,24.8,22.3,29.2,0.0,2020-09-05 05:30:00+05:30,-25.15379809632031
06-09-2020,25.5,22.2,29.6,0.0,2020-09-06 05:30:00+05:30,-25.89336727302983
07-09-2020,24.4,20.5,30.5,0.0,2020-09-07 05:30:00+05:30,-24.802480705310057
08-09-2020,24.4,21.2,29.8,2.0,2020-09-08 05:30:00+05:30,-24.82648631413298
09-09-2020,23.9,19.4,30.2,61.0,2020-09-09 05:30:00+05:30,-24.339369129007242
10-09-2020,22.7,19.2,30.6,65.0,2020-09-10 05:30:00+05:30,-23.136181036400338
11-09-2020,22.1,19.9,27.6,0.0,2020-09-11 05:30:00+05:30,-22.541529162454722
12-09-2020,21.5,18.7,25.8,1.3,2020-09-12 05:30:00+05:30,-21.944620183096802
13-09-2020,21.6,19.7,25.5,17.5,2020-09-13 05:30:00+05:30,-22.060598108445394
14-09-2020,22.5,20.4,26.4,1.0,2020-09-14 05:30:00+05:30,-22.993094392973127
15-09-2020,22.8,20.2,26.5,0.0,2020-09-15 05:30:00+05:30,-23.312051211187455
16-09-2020,23.3,20.2,26.2,0.3,2020-09-16 05:30:00+05:30,-23.83491219936288
17-09-2020,23.8,21.0,27.0,0.0,2020-09-17 05:30:00+05:30,-24.357338418769654
18-09-2020,24.0,19.8,28.2,0.3,2020-09-18 05:30:00+05:30,-24.572240807569766
19-09-2020,22.1,19.3,28.4,0.0,2020-09-19 05:30:00+05:30,-22.635713726189778
20-09-2020,20.4,18.6,25.8,20.8,2020-09-20 05:30:00+05:30,-20.902135421714892
21-09-2020,22.1,19.0,27.8,11.4,2020-09-21 05:30:00+05:30,-22.651861474825935
22-09-2020,21.7,18.6,26.6,0.0,2020-09-22 05:30:00+05:30,-22.249351510495664
23-09-2020,22.8,18.6,27.8,0.0,2020-09-23 05:30:00+05:30,-23.384904269980026
24-09-2020,23.7,20.0,27.6,,2020-09-24 05:30:00+05:30,-24.31597446175766
25-09-2020,24.3,20.9,29.8,0.3,2020-09-25 05:30:00+05:30,-24.939869333858635
26-09-2020,22.8,20.6,29.6,3.0,2020-09-26 05:30:00+05:30,-23.408419725601814
27-09-2020,23.3,20.5,27.8,0.0,2020-09-27 05:30:00+05:30,-23.930423118433016
28-09-2020,24.1,20.6,27.0,0.0,2020-09-28 05:30:00+05:30,-24.761667592878045
29-09-2020,22.4,19.8,28.1,0.0,2020-09-29 05:30:00+05:30,-23.02469861347827
30-09-2020,22.3,19.0,27.8,54.4,2020-09-30 05:30:00+05:30,-22.93254390104577
01-10-2020,23.5,19.5,27.1,0.0,2020-10-01 05:30:00+05:30,-24.179021611953587
02-10-2020,24.7,21.0,28.5,0.0,2020-10-02 05:30:00+05:30,-25.428284977816404
03-10-2020,23.5,19.6,29.6,0.5,2020-10-03 05:30:00+05:30,-24.208431630374957
04-10-2020,22.5,20.0,28.4,0.0,2020-10-04 05:30:00+05:30,-23.194924809135742
05-10-2020,23.6,19.0,28.8,0.3,2020-10-05 05:30:00+05:30,-24.348406693469776
06-10-2020,25.1,20.2,30.8,0.0,2020-10-06 05:30:00+05:30,-25.91911139230898
07-10-2020,25.0,21.9,31.3,,2020-10-07 05:30:00+05:30,-25.841465778498097
08-10-2020,25.7,19.8,30.4,,2020-10-08 05:30:00+05:30,-26.59419768499176
09-10-2020,23.7,20.4,31.2,0.0,2020-10-09 05:30:00+05:30,-24.55429209974894
10-10-2020,23.1,18.6,30.0,23.6,2020-10-10 05:30:00+05:30,-23.96445690293135
11-10-2020,21.7,19.2,28.2,51.1,2020-10-11 05:30:00+05:30,-22.54475147200747
12-10-2020,21.8,20.0,25.6,3.0,2020-10-12 05:30:00+05:30,-22.68443513169804
13-10-2020,21.2,19.8,25.4,5.1,2020-10-13 05:30:00+05:30,-22.09787968337177
14-10-2020,21.5,19.8,25.8,0.5,2020-10-14 05:30:00+05:30,-22.4520338308561
15-10-2020,22.5,19.2,26.6,0.0,2020-10-15 05:30:00+05:30,-23.54306911848392
16-10-2020,23.4,17.6,28.8,0.0,2020-10-16 05:30:00+05:30,-24.5370407183779
17-10-2020,23.6,20.0,28.8,,2020-10-17 05:30:00+05:30,-24.803217454605964
18-10-2020,23.8,20.8,28.0,0.3,2020-10-18 05:30:00+05:30,-25.074244834040925
19-10-2020,23.3,21.0,28.0,1.8,2020-10-19 05:30:00+05:30,-24.610920169253163
20-10-2020,22.9,20.0,26.6,3.8,2020-10-20 05:30:00+05:30,-24.25465927683861
21-10-2020,22.7,20.4,26.2,67.1,2020-10-21 05:30:00+05:30,-24.11239905320008
22-10-2020,22.2,19.3,26.4,5.3,2020-10-22 05:30:00+05:30,-23.653195230223332
23-10-2020,21.0,17.8,27.5,17.5,2020-10-23 05:30:00+05:30,-22.44637526976021
24-10-2020,22.0,17.0,27.0,17.3,2020-10-24 05:30:00+05:30,-23.594352832805495
25-10-2020,23.5,20.2,29.8,0.0,2020-10-25 05:30:00+05:30,-25.291864398613136
26-10-2020,23.6,19.4,29.4,7.9,2020-10-26 05:30:00+05:30,-25.49309557714927
27-10-2020,23.7,19.0,30.0,0.0,2020-10-27 05:30:00+05:30,-25.699662186717276
28-10-2020,23.3,19.0,29.6,,2020-10-28 05:30:00+05:30,-25.36736104140158
29-10-2020,21.9,18.2,28.9,,2020-10-29 05:30:00+05:30,-23.942880635259776
30-10-2020,22.9,17.8,28.3,0.0,2020-10-30 05:30:00+05:30,-25.145135467520266
31-10-2020,24.1,18.5,28.8,,2020-10-31 05:30:00+05:30,-26.582483403818568
01-11-2020,24.8,19.0,29.1,0.0,2020-11-01 05:30:00+05:30,-27.483010700417246
02-11-2020,24.3,20.4,31.5,0.3,2020-11-02 05:30:00+05:30,-27.059964169159365
03-11-2020,24.7,19.8,29.0,0.0,2020-11-03 05:30:00+05:30,-27.643962002843452
04-11-2020,24.5,20.5,29.9,,2020-11-04 05:30:00+05:30,-27.562939078227163
05-11-2020,24.3,21.0,29.2,,2020-11-05 05:30:00+05:30,-27.48494987130517
06-11-2020,23.8,20.8,30.4,22.9,2020-11-06 05:30:00+05:30,-27.068686385143934
07-11-2020,23.4,20.2,29.2,0.0,2020-11-07 05:30:00+05:30,-26.765718348026386
08-11-2020,23.4,20.8,30.2,3.3,2020-11-08 05:30:00+05:30,-26.92289385952148
09-11-2020,22.7,19.5,27.8,0.0,2020-11-09 05:30:00+05:30,-26.275022703973665
10-11-2020,21.3,16.0,28.6,,2020-11-10 05:30:00+05:30,-24.80704531133245
11-11-2020,22.7,16.5,28.7,,2020-11-11 05:30:00+05:30,-26.605073359341592
12-11-2020,23.7,19.2,28.4,,2020-11-12 05:30:00+05:30,-27.9571632425705
13-11-2020,22.1,20.4,28.0,0.0,2020-11-13 05:30:00+05:30,-26.24242997682524
14-11-2020,22.8,20.0,27.8,8.9,2020-11-14 05:30:00+05:30,-27.25663132641869
15-11-2020,21.6,19.1,28.2,0.0,2020-11-15 05:30:00+05:30,-25.999953223589777
16-11-2020,21.6,19.2,25.8,9.9,2020-11-16 05:30:00+05:30,-26.182251860518043
17-11-2020,22.2,19.4,25.0,21.1,2020-11-17 05:30:00+05:30,-27.101311281397912
18-11-2020,22.8,19.2,28.3,0.0,2020-11-18 05:30:00+05:30,-28.03512215586213
19-11-2020,22.9,20.0,28.3,0.0,2020-11-19 05:30:00+05:30,-28.36456361011687
20-11-2020,22.2,17.3,28.1,,2020-11-20 05:30:00+05:30,-27.701678363005005
21-11-2020,21.9,17.0,28.8,,2020-11-21 05:30:00+05:30,-27.53253130885273
22-11-2020,21.4,14.8,29.6,,2020-11-22 05:30:00+05:30,-27.108055222044083
23-11-2020,22.4,17.4,28.2,,2020-11-23 05:30:00+05:30,-28.592109956841387
24-11-2020,21.8,18.7,27.6,,2020-11-24 05:30:00+05:30,-28.04121564076607
25-11-2020,21.1,18.4,26.6,,2020-11-25 05:30:00+05:30,-27.35212715517418
26-11-2020,19.4,17.8,23.8,2.0,2020-11-26 05:30:00+05:30,-25.345593416005407
27-11-2020,19.7,17.8,21.8,13.2,2020-11-27 05:30:00+05:30,-25.94062509617813
28-11-2020,21.5,17.0,25.9,0.3,2020-11-28 05:30:00+05:30,-28.53547709219353
29-11-2020,21.6,19.0,25.6,0.0,2020-11-29 05:30:00+05:30,-28.896779641649484
30-11-2020,21.9,18.0,26.8,0.0,2020-11-30 05:30:00+05:30,-29.532682498100467
01-12-2020,21.1,17.0,27.0,,2020-12-01 05:30:00+05:30,-28.682425245925458
02-12-2020,20.8,16.7,26.6,,2020-12-02 05:30:00+05:30,-28.502330084645465
03-12-2020,19.9,18.0,26.4,2.3,2020-12-03 05:30:00+05:30,-27.489073516556637
04-12-2020,20.8,19.2,22.8,1.8,2020-12-04 05:30:00+05:30,-28.964371929931595
05-12-2020,21.0,19.4,23.2,0.8,2020-12-05 05:30:00+05:30,-29.47915012605406
06-12-2020,20.9,18.5,24.0,1.3,2020-12-06 05:30:00+05:30,-29.575720528291853
07-12-2020,21.7,19.4,24.8,7.6,2020-12-07 05:30:00+05:30,-30.955515040100966
08-12-2020,21.3,19.5,26.2,5.6,2020-12-08 05:30:00+05:30,-30.629533921213813
09-12-2020,21.7,19.4,25.0,0.8,2020-12-09 05:30:00+05:30,-31.45528239310808
10-12-2020,21.3,16.4,26.8,0.0,2020-12-10 05:30:00+05:30,-31.12249779525371
11-12-2020,21.2,16.6,28.4,0.0,2020-12-11 05:30:00+05:30,-31.223161828010685
12-12-2020,20.4,15.4,29.3,,2020-12-12 05:30:00+05:30,-30.28305646258296
13-12-2020,21.2,17.0,28.0,,2020-12-13 05:30:00+05:30,-31.71854265718024
14-12-2020,20.8,17.2,27.5,,2020-12-14 05:30:00+05:30,-31.36350431625714
15-12-2020,21.3,16.4,27.8,,2020-12-15 05:30:00+05:30,-32.36662246752582
16-12-2020,21.8,18.0,27.0,,2020-12-16 05:30:00+05:30,-33.38105117646079
17-12-2020,21.7,19.5,26.8,0.3,2020-12-17 05:30:00+05:30,-33.48072481863778
18-12-2020,22.1,18.4,26.6,0.0,2020-12-18 05:30:00+05:30,-34.354350830320584
19-12-2020,20.4,17.2,28.0,,2020-12-19 05:30:00+05:30,-31.947281714942374
20-12-2020,20.3,17.0,25.6,,2020-12-20 05:30:00+05:30,-32.023692159036706
21-12-2020,19.7,14.5,25.7,,2020-12-21 05:30:00+05:30,-31.301721244351647
22-12-2020,20.6,14.4,25.1,,2020-12-22 05:30:00+05:30,-32.964666548318256
23-12-2020,21.2,16.6,28.8,,2020-12-23 05:30:00+05:30,-34.16234018714624
24-12-2020,21.7,17.4,27.5,,2020-12-24 05:30:00+05:30,-35.20875352410179
25-12-2020,21.2,17.4,28.2,,2020-12-25 05:30:00+05:30,-34.630037432694564
26-12-2020,21.2,16.0,29.0,,2020-12-26 05:30:00+05:30,-34.859757543811725
27-12-2020,21.4,15.2,28.4,,2020-12-27 05:30:00+05:30,-35.41743777856018
28-12-2020,21.2,16.4,29.8,,2020-12-28 05:30:00+05:30,-35.30984771427939
29-12-2020,22.5,16.4,29.8,,2020-12-29 05:30:00+05:30,-37.708494853379946
30-12-2020,22.8,18.4,29.0,,2020-12-30 05:30:00+05:30,-38.443831384125765
31-12-2020,21.1,18.8,29.6,0.0,2020-12-31 05:30:00+05:30,-35.78872725074699
01-01-2021,20.6,16.6,25.3,0.5,2021-01-01 05:30:00+05:30,-35.14210844682155
02-01-2021,20.9,16.6,26.0,0.4,2021-01-02 05:30:00+05:30,-35.85486183359592
03-01-2021,21.9,18.8,26.0,0.0,2021-01-03 05:30:00+05:30,-37.77630741307191
04-01-2021,20.8,18.6,27.6,0.0,2021-01-04 05:30:00+05:30,-36.06977978567555
05-01-2021,21.9,18.7,26.2,0.0,2021-01-05 05:30:00+05:30,-38.173232504043014
06-01-2021,21.2,20.0,27.3,7.5,2021-01-06 05:30:00+05:30,-37.13761658454375
07-01-2021,21.6,19.1,25.4,0.8,2021-01-07 05:30:00+05:30,-38.02092629347658
08-01-2021,22.3,20.0,27.0,9.0,2021-01-08 05:30:00+05:30,-39.435802314958345
09-01-2021,21.4,18.8,27.0,0.0,2021-01-09 05:30:00+05:30,-38.01378378975613
10-01-2021,22.2,18.6,26.2,0.0,2021-01-10 05:30:00+05:30,-39.60452413225954
11-01-2021,21.6,18.2,26.9,0.0,2021-01-11 05:30:00+05:30,-38.69289651800661
12-01-2021,20.4,18.2,25.4,0.0,2021-01-12 05:30:00+05:30,-36.68702905490137
13-01-2021,21.3,16.8,26.3,0.0,2021-01-13 05:30:00+05:30,-38.44891617359876
14-01-2021,20.8,16.4,27.7,0.2,2021-01-14 05:30:00+05:30,-37.67951292082901
15-01-2021,21.8,17.3,26.3,0.0,2021-01-15 05:30:00+05:30,-39.62319125494415
16-01-2021,22.2,18.1,27.4,0.0,2021-01-16 05:30:00+05:30,-40.47705872416429
17-01-2021,22.2,17.0,29.2,0.0,2021-01-17 05:30:00+05:30,-40.59593968276665
18-01-2021,21.8,15.5,29.6,0.0,2021-01-18 05:30:00+05:30,-39.97322668707059
19-01-2021,21.8,16.1,28.8,0.0,2021-01-19 05:30:00+05:30,-40.073812723752496
20-01-2021,22.7,16.0,28.4,0.0,2021-01-20 05:30:00+05:30,-41.824319797906895
21-01-2021,23.8,17.0,31.1,0.0,2021-01-21 05:30:00+05:30,-43.94255994463793
22-01-2021,23.8,18.4,31.1,0.1,2021-01-22 05:30:00+05:30,-44.02469911545241
23-01-2021,22.5,18.0,30.3,0.0,2021-01-23 05:30:00+05:30,-41.68865563909531
24-01-2021,21.9,17.0,29.2,0.0,2021-01-24 05:30:00+05:30,-40.63493481999498
25-01-2021,21.6,16.3,29.5,0.0,2021-01-25 05:30:00+05:30,-40.126633851894375
26-01-2021,21.9,15.4,29.4,0.0,2021-01-26 05:30:00+05:30,-40.72390353450275
27-01-2021,21.7,15.4,30.8,0.0,2021-01-27 05:30:00+05:30,-40.38252647555501
28-01-2021,21.6,16.0,30.2,0.0,2021-01-28 05:30:00+05:30,-40.21773049896898
29-01-2021,22.4,18.0,28.4,0.0,2021-01-29 05:30:00+05:30,-41.71987199065304
30-01-2021,22.8,17.4,29.3,0.0,2021-01-30 05:30:00+05:30,-42.46798071104141
31-01-2021,22.7,17.2,29.8,0.0,2021-01-31 05:30:00+05:30,-42.27511699934021
01-02-2021,22.8,16.8,30.1,0.0,2021-02-01 05:30:00+05:30,-42.445261404885905
02-02-2021,22.1,16.8,29.6,0.0,2021-02-02 05:30:00+05:30,-41.116785908901385
03-02-2021,21.8,17.9,28.6,0.0,2021-02-03 05:30:00+05:30,-40.524339775180664
04-02-2021,22.1,16.1,28.5,0.0,2021-02-04 05:30:00+05:30,-41.03781554523566
05-02-2021,22.2,15.4,29.4,0.0,2021-02-05 05:30:00+05:30,-41.169647390519195
06-02-2021,22.4,15.6,30.4,0.0,2021-02-06 05:30:00+05:30,-41.4766531694118
07-02-2021,22.3,15.0,30.4,0.0,2021-02-07 05:30:00+05:30,-41.218366725715846
08-02-2021,22.1,16.1,30.1,0.0,2021-02-08 05:30:00+05:30,-40.766777451074034
09-02-2021,20.6,14.9,29.8,0.0,2021-02-09 05:30:00+05:30,-37.914612558996616
10-02-2021,21.7,14.4,28.6,0.0,2021-02-10 05:30:00+05:30,-39.84011892708341
11-02-2021,20.3,13.5,28.1,0.0,2021-02-11 05:30:00+05:30,-37.16839014857316
12-02-2021,20.7,12.2,28.9,0.0,2021-02-12 05:30:00+05:30,-37.78848158278426
13-02-2021,20.6,13.0,29.8,0.0,2021-02-13 05:30:00+05:30,-37.485354510314494
14-02-2021,23.0,16.2,31.0,0.0,2021-02-14 05:30:00+05:30,-41.70815345472485
15-02-2021,24.0,17.9,31.5,0.0,2021-02-15 05:30:00+05:30,-43.36068385106334
16-02-2021,23.9,18.4,32.0,0.0,2021-02-16 05:30:00+05:30,-43.009784765426616
17-02-2021,23.8,18.4,31.4,0.0,2021-02-17 05:30:00+05:30,-42.65042041425192
18-02-2021,22.8,18.0,31.2,0.1,2021-02-18 05:30:00+05:30,-40.67715078793195
19-02-2021,22.8,18.2,29.3,1.7,2021-02-19 05:30:00+05:30,-40.48666799838055
20-02-2021,19.8,16.8,24.5,4.2,2021-02-20 05:30:00+05:30,-34.98613605072903
21-02-2021,20.6,17.1,24.2,4.7,2021-02-21 05:30:00+05:30,-36.211259647196094
22-02-2021,22.8,18.1,28.0,0.4,2021-02-22 05:30:00+05:30,-39.86106230008097
23-02-2021,24.5,18.2,30.4,0.0,2021-02-23 05:30:00+05:30,-42.590203316230394
24-02-2021,24.4,18.0,31.1,0.0,2021-02-24 05:30:00+05:30,-42.16529316548397
25-02-2021,25.3,17.4,32.0,0.0,2021-02-25 05:30:00+05:30,-43.45099064651799
26-02-2021,25.8,18.4,33.0,0.0,2021-02-26 05:30:00+05:30,-44.02558714896432
27-02-2021,26.2,19.0,34.1,0.0,2021-02-27 05:30:00+05:30,-44.41051685367261
28-02-2021,26.0,20.0,33.8,0.0,2021-02-28 05:30:00+05:30,-43.767355822940054
01-03-2021,25.4,17.4,33.8,0.0,2021-03-01 05:30:00+05:30,-42.45223455313651
02-03-2021,25.3,18.4,33.6,0.0,2021-03-02 05:30:00+05:30,-41.97288272209038
03-03-2021,25.0,18.2,32.5,0.0,2021-03-03 05:30:00+05:30,-41.15906998325163
04-03-2021,24.6,16.5,32.3,0.0,2021-03-04 05:30:00+05:30,-40.1822817898326
05-03-2021,24.9,16.7,32.0,0.0,2021-03-05 05:30:00+05:30,-40.34318246823315
06-03-2021,26.7,18.4,34.4,0.0,2021-03-06 05:30:00+05:30,-42.899406058396124
07-03-2021,26.5,17.5,35.9,0.0,2021-03-07 05:30:00+05:30,-42.213691749354
08-03-2021,26.0,19.0,33.8,0.0,2021-03-08 05:30:00+05:30,-41.053169777300056
09-03-2021,25.6,18.7,33.5,0.0,2021-03-09 05:30:00+05:30,-40.05694160979106
10-03-2021,27.0,19.5,33.6,0.0,2021-03-10 05:30:00+05:30,-41.85668069369521
11-03-2021,25.0,18.8,32.0,0.0,2021-03-11 05:30:00+05:30,-38.388676026031554
12-03-2021,24.6,17.3,32.2,0.0,2021-03-12 05:30:00+05:30,-37.40757118104874
13-03-2021,24.1,15.3,31.0,0.0,2021-03-13 05:30:00+05:30,-36.28292383733818
14-03-2021,24.7,15.6,32.4,0.0,2021-03-14 05:30:00+05:30,-36.80807145981104
15-03-2021,25.1,16.2,32.4,0.0,2021-03-15 05:30:00+05:30,-37.01530639030569
16-03-2021,25.9,17.9,32.8,0.0,2021-03-16 05:30:00+05:30,-37.78942063072733
17-03-2021,25.5,16.4,32.4,0.0,2021-03-17 05:30:00+05:30,-36.80235200352446
18-03-2021,25.5,17.0,32.8,0.0,2021-03-18 05:30:00+05:30,-36.39514063750165
19-03-2021,25.3,17.8,32.8,0.0,2021-03-19 05:30:00+05:30,-35.70223026972196
20-03-2021,25.3,16.9,32.2,0.0,2021-03-20 05:30:00+05:30,-35.29162509886052
21-03-2021,25.9,18.4,33.0,0.0,2021-03-21 05:30:00+05:30,-35.70531808842039
22-03-2021,26.2,17.5,33.8,0.0,2021-03-22 05:30:00+05:30,-35.688081547394134
23-03-2021,26.6,18.2,34.2,0.0,2021-03-23 05:30:00+05:30,-35.793176709309456
24-03-2021,26.7,18.3,33.8,0.0,2021-03-24 05:30:00+05:30,-35.484262589452676
25-03-2021,27.2,18.7,33.6,0.0,2021-03-25 05:30:00+05:30,-35.69521598004537
26-03-2021,27.2,19.3,35.0,0.0,2021-03-26 05:30:00+05:30,-35.240246851040204
27-03-2021,27.2,19.1,34.4,0.0,2021-03-27 05:30:00+05:30,-34.784211501350576
28-03-2021,27.2,19.8,34.1,0.0,2021-03-28 05:30:00+05:30,-34.32748375944833
29-03-2021,27.5,20.0,34.5,0.0,2021-03-29 05:30:00+05:30,-34.24402396019799
30-03-2021,27.7,21.4,34.1,0.0,2021-03-30 05:30:00+05:30,-34.027734660715225
31-03-2021,28.8,21.2,35.6,0.0,2021-03-31 05:30:00+05:30,-34.895716100407135
01-04-2021,28.1,21.0,35.6,0.0,2021-04-01 05:30:00+05:30,-33.57738590980963
02-04-2021,27.7,19.3,35.6,0.0,2021-04-02 05:30:00+05:30,-32.63669344450941
03-04-2021,27.7,20.6,34.4,0.0,2021-04-03 05:30:00+05:30,-32.17554595926601
04-04-2021,29.1,23.0,35.2,0.0,2021-04-04 05:30:00+05:30,-33.31927913892903
05-04-2021,27.7,21.4,33.3,0.0,2021-04-05 05:30:00+05:30,-31.259228147863173
06-04-2021,27.3,20.2,34.4,0.0,2021-04-06 05:30:00+05:30,-30.359823977136465
07-04-2021,27.6,19.4,35.0,0.0,2021-04-07 05:30:00+05:30,-30.243288258698033
08-04-2021,27.3,20.1,34.2,0.0,2021-04-08 05:30:00+05:30,-29.4723123689608
09-04-2021,27.1,19.5,34.0,0.0,2021-04-09 05:30:00+05:30,-28.82067088254132
10-04-2021,26.5,19.3,33.3,0.0,2021-04-10 05:30:00+05:30,-27.75996763314328
11-04-2021,26.5,19.4,33.2,0.0,2021-04-11 05:30:00+05:30,-27.3410976129413
12-04-2021,26.6,20.7,33.5,0.0,2021-04-12 05:30:00+05:30,-27.027833095777197
13-04-2021,26.6,20.8,32.9,0.0,2021-04-13 05:30:00+05:30,-26.61566200382353
14-04-2021,25.1,21.8,31.8,8.1,2021-04-14 05:30:00+05:30,-24.73011161597731
15-04-2021,25.3,19.8,33.2,1.8,2021-04-15 05:30:00+05:30,-24.5439562844249
16-04-2021,27.2,20.8,32.6,0.3,2021-04-16 05:30:00+05:30,-25.980293866747886
17-04-2021,27.7,22.4,33.4,0.0,2021-04-17 05:30:00+05:30,-26.04893850404465
18-04-2021,26.8,20.9,33.0,0.1,2021-04-18 05:30:00+05:30,-24.812407227438992
19-04-2021,27.1,20.6,34.0,0.1,2021-04-19 05:30:00+05:30,-24.701362396288697
20-04-2021,26.0,21.8,34.0,2.1,2021-04-20 05:30:00+05:30,-23.331426775895455
21-04-2021,26.6,20.8,34.4,0.0,2021-04-21 05:30:00+05:30,-23.50012568070258
22-04-2021,24.3,20.5,34.6,28.7,2021-04-22 05:30:00+05:30,-21.136130261076428
23-04-2021,24.4,20.7,32.2,21.3,2021-04-23 05:30:00+05:30,-20.895654033556927
24-04-2021,24.6,20.0,31.7,65.8,2021-04-24 05:30:00+05:30,-20.74298429426389
25-04-2021,26.5,21.8,31.9,0.0,2021-04-25 05:30:00+05:30,-22.003026021486832
26-04-2021,26.5,21.2,33.0,0.0,2021-04-26 05:30:00+05:30,-21.668117748200277
27-04-2021,26.6,20.9,32.5,0.0,2021-04-27 05:30:00+05:30,-21.421134581815473
28-04-2021,27.0,20.9,33.4,0.1,2021-04-28 05:30:00+05:30,-21.41733487439386
29-04-2021,26.5,22.2,31.8,0.7,2021-04-29 05:30:00+05:30,-20.708669320162016
30-04-2021,26.4,20.7,33.1,0.0,2021-04-30 05:30:00+05:30,-20.327645209762785
01-05-2021,27.1,22.5,33.4,0.0,2021-05-01 05:30:00+05:30,-20.564095897637362
02-05-2021,26.7,21.5,32.4,0.0,2021-05-02 05:30:00+05:30,-19.97088352248376
03-05-2021,26.4,21.9,32.0,0.3,2021-05-03 05:30:00+05:30,-19.46849341770055
04-05-2021,25.1,21.1,30.4,8.9,2021-05-04 05:30:00+05:30,-18.253643485868334
05-05-2021,26.9,20.6,33.3,0.0,2021-05-05 05:30:00+05:30,-19.296962370853937
06-05-2021,27.0,21.7,32.4,0.0,2021-05-06 05:30:00+05:30,-19.110983624361484
07-05-2021,26.5,22.2,32.0,0.7,2021-05-07 05:30:00+05:30,-18.513044592076742
08-05-2021,26.8,21.5,33.6,0.2,2021-05-08 05:30:00+05:30,-18.4849277997518
09-05-2021,27.2,21.3,33.4,0.3,2021-05-09 05:30:00+05:30,-18.528881762998314
10-05-2021,26.7,22.1,32.8,1.0,2021-05-10 05:30:00+05:30,-17.9697950680658
11-05-2021,26.1,21.5,33.2,5.6,2021-05-11 05:30:00+05:30,-17.361441133583835
12-05-2021,25.5,21.4,33.9,0.0,2021-05-12 05:30:00+05:30,-16.771350708447123
13-05-2021,25.4,20.7,31.9,35.1,2021-05-13 05:30:00+05:30,-16.52419800702032
14-05-2021,26.7,21.4,31.9,26.2,2021-05-14 05:30:00+05:30,-17.188565123722547
15-05-2021,23.8,22.2,32.6,0.0,2021-05-15 05:30:00+05:30,-15.168273069861034
16-05-2021,24.0,21.4,28.0,0.0,2021-05-16 05:30:00+05:30,-15.149427340444802
17-05-2021,25.7,21.0,31.6,0.0,2021-05-17 05:30:00+05:30,-16.07475359660891
18-05-2021,25.7,21.6,32.6,0.0,2021-05-18 05:30:00+05:30,-15.935882115395257
19-05-2021,25.1,20.2,32.6,4.0,2021-05-19 05:30:00+05:30,-15.43685775467752
20-05-2021,24.2,21.1,29.6,2.7,2021-05-20 05:30:00+05:30,-14.769228664299296
21-05-2021,23.3,20.9,30.8,2.8,2021-05-21 05:30:00+05:30,-14.11806792046426
22-05-2021,23.8,21.0,28.8,25.4,2021-05-22 05:30:00+05:30,-14.325090564720506
23-05-2021,25.8,20.8,29.4,7.4,2021-05-23 05:30:00+05:30,-15.433695958132494
24-05-2021,26.1,22.0,31.0,0.0,2021-05-24 05:30:00+05:30,-15.525792701736538
25-05-2021,24.3,20.2,31.7,0.3,2021-05-25 05:30:00+05:30,-14.382022536846081
26-05-2021,24.9,20.4,30.2,31.0,2021-05-26 05:30:00+05:30,-14.670817288706013
27-05-2021,25.3,21.2,30.1,0.0,2021-05-27 05:30:00+05:30,-14.847733292541601
28-05-2021,24.7,18.8,30.3,0.0,2021-05-28 05:30:00+05:30,-14.446618959065068
29-05-2021,24.8,19.4,30.8,0.5,2021-05-29 05:30:00+05:30,-14.464259019382665
30-05-2021,25.2,20.1,31.3,0.1,2021-05-30 05:30:00+05:30,-14.664453873377282
31-05-2021,25.3,20.3,31.6,2.3,2021-05-31 05:30:00+05:30,-14.697780650612136
01-06-2021,25.5,20.8,31.6,5.6,2021-06-01 05:30:00+05:30,-14.797258943323685
02-06-2021,25.9,22.2,33.7,1.0,2021-06-02 05:30:00+05:30,-15.020797264316519
03-06-2021,24.6,21.9,33.7,0.5,2021-06-03 05:30:00+05:30,-14.266594547983205
04-06-2021,23.8,21.1,31.0,52.3,2021-06-04 05:30:00+05:30,-13.80990962226625
05-06-2021,23.6,21.2,31.5,12.7,2021-06-05 05:30:00+05:30,-13.708415422444375
06-06-2021,24.8,20.7,29.2,4.6,2021-06-06 05:30:00+05:30,-14.428337671779763
07-06-2021,25.4,22.1,29.7,0.5,2021-06-07 05:30:00+05:30,-14.808472322681702
08-06-2021,25.6,19.7,31.0,0.0,2021-06-08 05:30:00+05:30,-14.963903691167875
09-06-2021,23.4,19.2,29.2,4.6,2021-06-09 05:30:00+05:30,-13.720153447430139
10-06-2021,23.6,19.8,28.5,2.3,2021-06-10 05:30:00+05:30,-13.886596015464232
11-06-2021,24.2,20.4,29.0,0.0,2021-06-11 05:30:00+05:30,-14.296660170426973
12-06-2021,23.2,20.4,27.0,2.8,2021-06-12 05:30:00+05:30,-13.766678065436942
13-06-2021,22.6,20.2,25.2,3.6,2021-06-13 05:30:00+05:30,-13.47564210759016
14-06-2021,22.3,20.1,27.6,0.0,2021-06-14 05:30:00+05:30,-13.36641121449016
15-06-2021,22.7,20.2,26.5,4.3,2021-06-15 05:30:00+05:30,-13.68248130684758
16-06-2021,22.7,20.8,26.7,0.5,2021-06-16 05:30:00+05:30,-13.764015442509189
17-06-2021,23.4,20.8,28.0,5.1,2021-06-17 05:30:00+05:30,-14.27769100779936
18-06-2021,23.4,20.4,28.4,1.3,2021-06-18 05:30:00+05:30,-14.371925850621253
19-06-2021,23.4,20.8,28.0,0.0,2021-06-19 05:30:00+05:30,-14.470987134004494
20-06-2021,24.3,20.5,28.8,0.0,2021-06-20 05:30:00+05:30,-15.13527969550372
21-06-2021,23.9,19.3,29.1,0.6,2021-06-21 05:30:00+05:30,-14.996692982771231
22-06-2021,24.1,19.3,28.9,0.4,2021-06-22 05:30:00+05:30,-15.238164258313487
23-06-2021,24.9,19.9,29.9,0.0,2021-06-23 05:30:00+05:30,-15.868305890622958
24-06-2021,24.5,19.9,28.8,0.9,2021-06-24 05:30:00+05:30,-15.739950788385153
25-06-2021,24.6,19.4,29.7,0.2,2021-06-25 05:30:00+05:30,-15.935352141530332
26-06-2021,22.8,20.1,29.7,0.0,2021-06-26 05:30:00+05:30,-14.894525399314936
27-06-2021,22.6,20.2,27.2,2.3,2021-06-27 05:30:00+05:30,-14.891366110001353
28-06-2021,23.7,20.8,28.5,0.5,2021-06-28 05:30:00+05:30,-15.753283585963228
29-06-2021,26.2,20.9,31.6,0.0,2021-06-29 05:30:00+05:30,-17.570198899388714
30-06-2021,26.0,20.7,30.9,1.5,2021-06-30 05:30:00+05:30,-17.593456398886993
01-07-2021,25.7,23.0,32.7,2.5,2021-07-01 05:30:00+05:30,-17.549186920204452
02-07-2021,26.0,22.0,30.6,0.0,2021-07-02 05:30:00+05:30,-17.917635090789982
03-07-2021,24.4,19.7,29.5,15.0,2021-07-03 05:30:00+05:30,-16.971169436536357
04-07-2021,23.6,20.4,29.4,7.5,2021-07-04 05:30:00+05:30,-16.568126021828025
05-07-2021,23.3,20.4,28.4,2.7,2021-07-05 05:30:00+05:30,-16.511072639131438
06-07-2021,24.9,20.2,29.4,1.3,2021-07-06 05:30:00+05:30,-17.811026926191303
07-07-2021,24.6,22.3,30.0,0.0,2021-07-07 05:30:00+05:30,-17.762374290865957
08-07-2021,25.3,21.8,29.4,0.0,2021-07-08 05:30:00+05:30,-18.44007327600959
09-07-2021,24.2,20.3,30.1,0.0,2021-07-09 05:30:00+05:30,-17.80440907968691
10-07-2021,22.8,20.1,29.0,0.3,2021-07-10 05:30:00+05:30,-16.931874617413758
11-07-2021,22.8,20.1,26.8,0.5,2021-07-11 05:30:00+05:30,-17.09012194268943
12-07-2021,23.2,20.2,26.8,0.0,2021-07-12 05:30:00+05:30,-17.551528518515436
13-07-2021,21.8,20.5,24.0,4.6,2021-07-13 05:30:00+05:30,-16.64452217415003
14-07-2021,21.1,19.8,23.4,11.4,2021-07-14 05:30:00+05:30,-16.25741543844358
15-07-2021,21.7,19.9,25.4,18.8,2021-07-15 05:30:00+05:30,-16.871157346839784
16-07-2021,22.7,20.8,25.6,2.8,2021-07-16 05:30:00+05:30,-17.806764995085164
17-07-2021,22.1,20.7,27.0,1.3,2021-07-17 05:30:00+05:30,-17.489603511482937
18-07-2021,21.6,20.0,28.2,17.8,2021-07-18 05:30:00+05:30,-17.243343795350885
19-07-2021,22.6,19.5,26.8,4.3,2021-07-19 05:30:00+05:30,-18.197225167467575
20-07-2021,23.1,19.7,27.6,7.1,2021-07-20 05:30:00+05:30,-18.757905549542993
21-07-2021,21.8,20.4,27.8,0.0,2021-07-21 05:30:00+05:30,-17.850442432139218
22-07-2021,21.2,20.0,24.2,3.3,2021-07-22 05:30:00+05:30,-17.502130858683987
23-07-2021,21.4,19.7,24.7,3.0,2021-07-23 05:30:00+05:30,-17.810329919870775
24-07-2021,22.6,20.0,27.1,0.5,2021-07-24 05:30:00+05:30,-18.958704324871633
25-07-2021,23.2,20.6,28.0,24.4,2021-07-25 05:30:00+05:30,-19.61407352735038
26-07-2021,23.4,20.5,28.4,59.7,2021-07-26 05:30:00+05:30,-19.9347994495311
27-07-2021,23.4,20.1,28.3,0.0,2021-07-27 05:30:00+05:30,-20.084635682926688
28-07-2021,23.1,19.8,27.6,1.0,2021-07-28 05:30:00+05:30,-19.973192068198465
29-07-2021,22.7,19.5,26.4,0.9,2021-07-29 05:30:00+05:30,-19.768944871466022
30-07-2021,23.5,19.6,28.4,0.0,2021-07-30 05:30:00+05:30,-20.61017690861922
31-07-2021,23.1,19.0,28.1,0.7,2021-07-31 05:30:00+05:30,-20.39930632290146
01-08-2021,23.2,20.0,28.0,0.0,2021-08-01 05:30:00+05:30,-20.62592604326474
02-08-2021,23.6,19.6,27.5,0.0,2021-08-02 05:30:00+05:30,-21.11986263084798
03-08-2021,23.2,19.5,28.2,0.7,2021-08-03 05:30:00+05:30,-20.895427778866434
04-08-2021,23.3,19.8,27.8,2.8,2021-08-04 05:30:00+05:30,-21.117035902978937
05-08-2021,22.7,19.2,27.6,2.7,2021-08-05 05:30:00+05:30,-20.698799710418495
06-08-2021,23.5,19.9,28.8,1.6,2021-08-06 05:30:00+05:30,-21.55543929396251
07-08-2021,24.3,20.9,29.4,4.3,2021-08-07 05:30:00+05:30,-22.417715946855573
08-08-2021,24.9,20.8,30.3,1.3,2021-08-08 05:30:00+05:30,-23.09967138561434
09-08-2021,25.5,21.7,30.7,0.5,2021-08-09 05:30:00+05:30,-23.784405071602272
10-08-2021,23.9,21.8,30.7,0.0,2021-08-10 05:30:00+05:30,-22.408825719810707
11-08-2021,24.0,20.8,28.2,0.0,2021-08-11 05:30:00+05:30,-22.61644300444763
12-08-2021,22.8,19.7,28.2,1.5,2021-08-12 05:30:00+05:30,-21.59047302371975
13-08-2021,23.2,20.0,27.0,3.8,2021-08-13 05:30:00+05:30,-22.07251469321622
14-08-2021,23.6,20.3,27.4,0.0,2021-08-14 05:30:00+05:30,-22.554580433146022
15-08-2021,22.7,19.0,27.0,0.5,2021-08-15 05:30:00+05:30,-21.788646902343697
16-08-2021,22.8,20.7,28.0,0.0,2021-08-16 05:30:00+05:30,-21.97577124996578
17-08-2021,22.9,20.3,26.5,13.7,2021-08-17 05:30:00+05:30,-22.16018910159809
18-08-2021,23.6,20.7,27.5,0.0,2021-08-18 05:30:00+05:30,-22.924677094170736
19-08-2021,23.6,20.4,28.4,0.3,2021-08-19 05:30:00+05:30,-23.00815938663616
20-08-2021,24.1,20.5,28.8,7.1,2021-08-20 05:30:00+05:30,-23.577189967084866
21-08-2021,22.4,20.2,28.6,0.3,2021-08-21 05:30:00+05:30,-21.98649322637868
22-08-2021,22.8,19.2,27.7,5.6,2021-08-22 05:30:00+05:30,-22.449425107584084
23-08-2021,23.6,20.5,27.1,3.0,2021-08-23 05:30:00+05:30,-23.306455946089727
24-08-2021,24.5,20.3,29.0,3.8,2021-08-24 05:30:00+05:30,-24.263740940556485
25-08-2021,24.1,20.7,29.1,1.0,2021-08-25 05:30:00+05:30,-23.931613449054886
26-08-2021,24.1,21.0,29.6,0.0,2021-08-26 05:30:00+05:30,-23.99237664665011
27-08-2021,22.7,20.5,30.4,24.9,2021-08-27 05:30:00+05:30,-22.65288477427142
28-08-2021,22.4,20.1,28.4,11.7,2021-08-28 05:30:00+05:30,-22.40418887626874
29-08-2021,21.7,19.2,25.8,4.1,2021-08-29 05:30:00+05:30,-21.75046055671487
30-08-2021,22.4,19.7,26.2,3.8,2021-08-30 05:30:00+05:30,-22.497277653125536
31-08-2021,23.9,19.7,27.6,0.5,2021-08-31 05:30:00+05:30,-24.049189192028333
01-09-2021,23.6,20.9,29.3,0.0,2021-09-01 05:30:00+05:30,-23.78943181136063
02-09-2021,22.6,19.5,29.4,2.8,2021-09-02 05:30:00+05:30,-22.81920406651107
03-09-2021,22.5,19.5,26.7,44.7,2021-09-03 05:30:00+05:30,-22.75340929945497
04-09-2021,22.3,20.4,26.2,0.0,2021-09-04 05:30:00+05:30,-22.5836466857375
05-09-2021,22.1,20.2,26.6,1.0,2021-09-05 05:30:00+05:30,-22.411011439650544
06-09-2021,22.6,20.2,27.2,7.9,2021-09-06 05:30:00+05:30,-22.946356379829744
07-09-2021,22.2,20.0,27.0,2.0,2021-09-07 05:30:00+05:30,-22.56586581938583
08-09-2021,23.1,20.5,27.0,0.5,2021-09-08 05:30:00+05:30,-23.505201632339794
09-09-2021,24.0,20.0,27.8,0.5,2021-09-09 05:30:00+05:30,-24.444279749953267
10-09-2021,24.1,20.2,29.1,0.0,2021-09-10 05:30:00+05:30,-24.56744559791746
11-09-2021,22.8,19.4,28.0,1.3,2021-09-11 05:30:00+05:30,-23.260536275461867
12-09-2021,23.6,20.7,28.5,0.0,2021-09-12 05:30:00+05:30,-24.093826397045405
13-09-2021,23.7,20.9,28.0,0.0,2021-09-13 05:30:00+05:30,-24.21140663223652
14-09-2021,24.1,19.9,28.2,0.0,2021-09-14 05:30:00+05:30,-24.634156005666046
15-09-2021,23.2,19.2,27.7,1.4,2021-09-15 05:30:00+05:30,-23.72634579027005
16-09-2021,23.7,19.0,29.0,0.3,2021-09-16 05:30:00+05:30,-24.248736495282575
17-09-2021,24.0,19.3,30.0,0.4,2021-09-17 05:30:00+05:30,-24.565652141853455
18-09-2021,24.3,18.8,30.4,0.1,2021-09-18 05:30:00+05:30,-24.881758302617452
19-09-2021,24.4,19.5,30.0,3.8,2021-09-19 05:30:00+05:30,-24.99235569618225
20-09-2021,22.4,19.8,31.3,26.2,2021-09-20 05:30:00+05:30,-22.950727011090375
21-09-2021,23.5,20.3,29.0,53.3,2021-09-21 05:30:00+05:30,-24.0846124152642
22-09-2021,23.9,20.6,29.7,11.2,2021-09-22 05:30:00+05:30,-24.501306889357753
23-09-2021,23.8,20.6,28.0,0.0,2021-09-23 05:30:00+05:30,-24.40550787939387
24-09-2021,24.0,20.7,28.2,0.3,2021-09-24 05:30:00+05:30,-24.6175800005182
25-09-2021,24.2,20.8,28.8,0.5,2021-09-25 05:30:00+05:30,-24.830182397649647
26-09-2021,23.1,20.1,29.2,12.2,2021-09-26 05:30:00+05:30,-23.709233607432253
27-09-2021,22.7,20.2,27.0,0.5,2021-09-27 05:30:00+05:30,-23.306988324184815
28-09-2021,22.3,18.8,27.0,10.2,2021-09-28 05:30:00+05:30,-22.90534175147682
29-09-2021,23.4,19.4,27.4,9.1,2021-09-29 05:30:00+05:30,-24.04579697324067
30-09-2021,24.0,20.4,28.0,0.0,2021-09-30 05:30:00+05:30,-24.674513161045667
01-10-2021,23.0,19.9,29.8,8.5,2021-10-01 05:30:00+05:30,-23.659445724421335
02-10-2021,23.1,19.2,29.0,5.8,2021-10-02 05:30:00+05:30,-23.7769444591905
03-10-2021,23.7,20.0,30.0,0.0,2021-10-03 05:30:00+05:30,-24.41126013962208
04-10-2021,24.8,20.2,29.7,64.0,2021-10-04 05:30:00+05:30,-25.56372876083981
05-10-2021,23.3,19.1,30.6,0.0,2021-10-05 05:30:00+05:30,-24.037780767755326
06-10-2021,22.6,20.1,28.0,38.6,2021-10-06 05:30:00+05:30,-23.337291806317786
07-10-2021,24.9,21.0,29.6,0.5,2021-10-07 05:30:00+05:30,-25.738600756998956
08-10-2021,22.8,21.8,30.6,6.1,2021-10-08 05:30:00+05:30,-23.59425533990193
09-10-2021,22.1,20.8,27.1,7.9,2021-10-09 05:30:00+05:30,-22.89780755828088
10-10-2021,22.5,21.1,26.3,14.5,2021-10-10 05:30:00+05:30,-23.343207595700292
11-10-2021,22.8,19.6,27.0,13.0,2021-10-11 05:30:00+05:30,-23.68847119418442
12-10-2021,22.0,19.4,27.5,32.5,2021-10-12 05:30:00+05:30,-22.89276799681436
13-10-2021,22.8,19.7,27.8,18.3,2021-10-13 05:30:00+05:30,-23.764830190102696
14-10-2021,24.2,20.4,28.0,26.9,2021-10-14 05:30:00+05:30,-25.269229917901313
15-10-2021,23.6,21.5,29.0,39.6,2021-10-15 05:30:00+05:30,-24.689934617820825
16-10-2021,23.8,19.4,28.3,15.0,2021-10-16 05:30:00+05:30,-24.950138587222643
17-10-2021,22.7,20.6,28.9,7.1,2021-10-17 05:30:00+05:30,-23.848943402221412
18-10-2021,22.9,20.8,26.7,0.8,2021-10-18 05:30:00+05:30,-24.11502948501278
19-10-2021,23.8,20.5,27.6,15.2,2021-10-19 05:30:00+05:30,-25.124797975432124
20-10-2021,24.7,20.0,28.8,0.0,2021-10-20 05:30:00+05:30,-26.14343051547172
21-10-2021,25.5,20.9,29.3,0.5,2021-10-21 05:30:00+05:30,-27.065416232446402
22-10-2021,25.1,18.5,30.7,0.3,2021-10-22 05:30:00+05:30,-26.719481089357068
23-10-2021,24.1,20.4,31.6,17.3,2021-10-23 05:30:00+05:30,-25.73496781752529
24-10-2021,24.3,19.2,30.1,41.9,2021-10-24 05:30:00+05:30,-26.033888579052107
25-10-2021,23.9,20.9,29.4,0.0,2021-10-25 05:30:00+05:30,-25.69400713540911
26-10-2021,22.5,17.8,27.0,0.8,2021-10-26 05:30:00+05:30,-24.27691289888438
27-10-2021,22.3,18.3,26.6,0.0,2021-10-27 05:30:00+05:30,-24.152897707506444
28-10-2021,22.0,17.2,27.4,0.1,2021-10-28 05:30:00+05:30,-23.923092024850938
29-10-2021,21.6,18.9,25.7,10.3,2021-10-29 05:30:00+05:30,-23.58607153031548
30-10-2021,22.5,19.9,26.8,5.0,2021-10-30 05:30:00+05:30,-24.67564641576086
31-10-2021,22.3,19.7,26.8,8.6,2021-10-31 05:30:00+05:30,-24.566976645448936
01-11-2021,21.7,19.6,26.8,8.7,2021-11-01 05:30:00+05:30,-24.018375174014096
02-11-2021,21.9,19.5,25.9,5.3,2021-11-02 05:30:00+05:30,-24.35794393449415
03-11-2021,22.3,20.2,26.8,0.0,2021-11-03 05:30:00+05:30,-24.928077453923812
04-11-2021,22.1,19.4,27.0,10.7,2021-11-04 05:30:00+05:30,-24.833470089751245
05-11-2021,21.7,19.2,28.4,55.9,2021-11-05 05:30:00+05:30,-24.515379339718763
06-11-2021,22.8,18.3,26.6,0.0,2021-11-06 05:30:00+05:30,-25.90110934330581
07-11-2021,21.0,19.2,23.6,3.7,2021-11-07 05:30:00+05:30,-23.992542528882822
08-11-2021,20.5,19.5,24.5,2.0,2021-11-08 05:30:00+05:30,-23.55866802610559
09-11-2021,21.4,18.2,25.6,1.0,2021-11-09 05:30:00+05:30,-24.74083923645187
10-11-2021,20.7,17.4,26.6,0.0,2021-11-10 05:30:00+05:30,-24.078875050097764
11-11-2021,18.4,17.3,24.0,4.3,2021-11-11 05:30:00+05:30,-21.538131161249012
12-11-2021,20.4,16.8,22.5,19.1,2021-11-12 05:30:00+05:30,-24.0326619329547
13-11-2021,21.8,20.1,24.7,6.6,2021-11-13 05:30:00+05:30,-25.850273306744096
14-11-2021,22.4,19.1,26.0,0.0,2021-11-14 05:30:00+05:30,-26.739139233155985
15-11-2021,22.8,20.7,26.2,1.0,2021-11-15 05:30:00+05:30,-27.401686908487047
16-11-2021,22.8,18.9,26.4,52.1,2021-11-16 05:30:00+05:30,-27.591231911543378
17-11-2021,22.5,19.8,27.6,0.8,2021-11-17 05:30:00+05:30,-27.4196353721822
18-11-2021,20.6,20.0,27.2,3.6,2021-11-18 05:30:00+05:30,-25.2834690141299
19-11-2021,21.1,19.8,23.2,73.4,2021-11-19 05:30:00+05:30,-26.084807850712135
20-11-2021,21.1,20.1,22.6,3.8,2021-11-20 05:30:00+05:30,-26.276455092416093
21-11-2021,22.5,19.3,26.2,2.3,2021-11-21 05:30:00+05:30,-28.228456156598227
22-11-2021,22.8,20.5,26.5,5.1,2021-11-22 05:30:00+05:30,-28.820302483361665
23-11-2021,24.2,20.1,28.4,0.0,2021-11-23 05:30:00+05:30,-30.822967325900667
24-11-2021,22.8,20.1,29.8,0.0,2021-11-24 05:30:00+05:30,-29.263284535167326
25-11-2021,23.0,19.4,27.0,11.4,2021-11-25 05:30:00+05:30,-29.749271006192185
26-11-2021,21.8,19.1,27.0,0.0,2021-11-26 05:30:00+05:30,-28.41801288531133
27-11-2021,20.4,18.4,23.0,5.0,2021-11-27 05:30:00+05:30,-26.802903033049777
28-11-2021,21.0,19.8,23.4,0.0,2021-11-28 05:30:00+05:30,-27.810473340233138
29-11-2021,21.1,19.5,22.6,0.0,2021-11-29 05:30:00+05:30,-28.166254710945147
30-11-2021,22.4,18.9,25.8,0.5,2021-11-30 05:30:00+05:30,-30.141822027858975
01-12-2021,21.7,20.0,26.4,0.0,2021-12-01 05:30:00+05:30,-29.435431261234505
02-12-2021,21.6,19.2,25.9,6.9,2021-12-02 05:30:00+05:30,-29.536901325152503
03-12-2021,21.9,17.9,27.4,3.0,2021-12-03 05:30:00+05:30,-30.190056595521362
04-12-2021,23.9,21.0,28.2,0.0,2021-12-04 05:30:00+05:30,-33.21475113939274
05-12-2021,23.2,19.8,28.4,1.0,2021-12-05 05:30:00+05:30,-32.50388774824892
06-12-2021,23.2,19.3,29.2,0.0,2021-12-06 05:30:00+05:30,-32.76774625625265
07-12-2021,22.1,17.7,26.4,0.0,2021-12-07 05:30:00+05:30,-31.466995627295958
08-12-2021,21.7,16.9,27.4,0.0,2021-12-08 05:30:00+05:30,-31.147029424283176
09-12-2021,22.1,18.8,26.2,0.9,2021-12-09 05:30:00+05:30,-31.976371764079534
10-12-2021,22.7,18.6,27.2,1.0,2021-12-10 05:30:00+05:30,-33.10746255989135
11-12-2021,21.6,18.0,28.4,0.0,2021-12-11 05:30:00+05:30,-31.753919483499
12-12-2021,20.9,17.5,24.7,0.2,2021-12-12 05:30:00+05:30,-30.96787241474564
13-12-2021,20.6,18.0,24.9,2.4,2021-12-13 05:30:00+05:30,-30.76305204715648
14-12-2021,21.2,18.3,24.4,2.8,2021-12-14 05:30:00+05:30,-31.905721652230113
15-12-2021,20.6,17.4,24.4,0.3,2021-12-15 05:30:00+05:30,-31.24220421131704
16-12-2021,21.5,17.2,26.4,0.0,2021-12-16 05:30:00+05:30,-32.85668338789828
17-12-2021,20.6,16.3,27.6,0.0,2021-12-17 05:30:00+05:30,-31.719785771117955
18-12-2021,20.2,15.3,26.0,0.0,2021-12-18 05:30:00+05:30,-31.33696744978295
19-12-2021,18.7,13.1,26.0,0.0,2021-12-19 05:30:00+05:30,-29.224860828292304
20-12-2021,18.7,12.9,26.2,0.0,2021-12-20 05:30:00+05:30,-29.438674697298865
21-12-2021,19.0,13.9,26.0,0.0,2021-12-21 05:30:00+05:30,-30.126904478217917
22-12-2021,19.4,12.8,27.4,0.0,2021-12-22 05:30:00+05:30,-30.98013496027728
23-12-2021,20.0,13.2,27.4,0.0,2021-12-23 05:30:00+05:30,-32.16226649707074
24-12-2021,19.9,12.5,27.2,0.0,2021-12-24 05:30:00+05:30,-32.222355454515515
25-12-2021,20.3,12.6,29.0,0.0,2021-12-25 05:30:00+05:30,-33.09317392927285
26-12-2021,20.7,13.5,29.2,0.0,2021-12-26 05:30:00+05:30,-33.97032550340461
27-12-2021,20.2,15.2,26.6,0.0,2021-12-27 05:30:00+05:30,-33.36681274357106
28-12-2021,20.3,15.4,26.4,0.0,2021-12-28 05:30:00+05:30,-33.74726740513295
29-12-2021,21.0,17.0,26.0,0.0,2021-12-29 05:30:00+05:30,-35.130514414542525
30-12-2021,20.2,15.4,26.4,0.7,2021-12-30 05:30:00+05:30,-34.000144124188594
31-12-2021,20.3,17.6,26.5,0.0,2021-12-31 05:30:00+05:30,-34.3739234213849
01-01-2022,21.4,18.5,24.6,3.3,2022-01-01 05:30:00+05:30,-36.448300913335785
02-01-2022,22.0,17.5,26.4,0.0,2022-01-02 05:30:00+05:30,-37.684438051843344
03-01-2022,20.6,15.1,26.6,0.0,2022-01-03 05:30:00+05:30,-35.48254173013115
04-01-2022,20.5,16.4,26.3,0.0,2022-01-04 05:30:00+05:30,-35.500892202083726
05-01-2022,20.5,14.8,27.4,0.0,2022-01-05 05:30:00+05:30,-35.686551669283936
06-01-2022,21.1,15.9,27.0,0.0,2022-01-06 05:30:00+05:30,-36.91678065355212
07-01-2022,21.4,16.6,27.0,0.0,2022-01-07 05:30:00+05:30,-37.62437576275774
08-01-2022,21.6,17.2,27.2,0.0,2022-01-08 05:30:00+05:30,-38.15446823096125
09-01-2022,21.7,17.3,27.2,0.0,2022-01-09 05:30:00+05:30,-38.5041984481639
10-01-2022,21.5,16.7,27.3,0.1,2022-01-10 05:30:00+05:30,-38.31447013829902
11-01-2022,21.8,16.7,28.6,0.1,2022-01-11 05:30:00+05:30,-39.009914796124185
12-01-2022,22.4,18.3,28.6,0.4,2022-01-12 05:30:00+05:30,-40.241826825603326
13-01-2022,22.1,17.5,27.4,0.5,2022-01-13 05:30:00+05:30,-39.85190184799795
14-01-2022,21.8,17.8,27.4,0.2,2022-01-14 05:30:00+05:30,-39.45075266546621
15-01-2022,22.0,16.2,28.6,0.0,2022-01-15 05:30:00+05:30,-39.946378138607805
16-01-2022,21.9,17.4,27.6,0.2,2022-01-16 05:30:00+05:30,-39.890336626997914
17-01-2022,21.3,16.8,27.0,0.0,2022-01-17 05:30:00+05:30,-38.91204326142626
18-01-2022,21.1,15.3,27.1,0.0,2022-01-18 05:30:00+05:30,-38.65260986325248
19-01-2022,21.0,16.0,27.0,0.0,2022-01-19 05:30:00+05:30,-38.5671766408657
20-01-2022,21.0,13.0,29.0,0.0,2022-01-20 05:30:00+05:30,-38.65712183471617
21-01-2022,22.1,14.5,31.4,0.0,2022-01-21 05:30:00+05:30,-40.76833475184125
22-01-2022,22.1,14.6,30.0,0.0,2022-01-22 05:30:00+05:30,-40.84620063157108
23-01-2022,21.9,14.9,30.4,0.0,2022-01-23 05:30:00+05:30,-40.54524150984501
24-01-2022,21.2,13.4,28.8,0.0,2022-01-24 05:30:00+05:30,-39.30748165448357
25-01-2022,20.8,13.1,27.4,0.0,2022-01-25 05:30:00+05:30,-38.614727878393346
26-01-2022,22.2,17.3,28.0,0.1,2022-01-26 05:30:00+05:30,-41.25713408975735
27-01-2022,21.5,17.9,25.4,1.8,2022-01-27 05:30:00+05:30,-39.989546788988555
28-01-2022,21.1,17.0,26.3,0.0,2022-01-28 05:30:00+05:30,-39.26965679929742
29-01-2022,21.2,15.3,27.2,0.0,2022-01-29 05:30:00+05:30,-39.4712442598021
30-01-2022,23.0,18.1,29.4,0.0,2022-01-30 05:30:00+05:30,-42.82975397731496
31-01-2022,23.4,18.3,29.6,0.0,2022-01-31 05:30:00+05:30,-43.572006756228085
01-02-2022,23.2,17.4,29.8,0.0,2022-02-01 05:30:00+05:30,-43.18734636878752
02-02-2022,23.0,16.3,29.6,0.0,2022-02-02 05:30:00+05:30,-42.79261971027589
03-02-2022,22.7,16.3,28.7,0.0,2022-02-03 05:30:00+05:30,-42.20239154403871
04-02-2022,22.9,16.5,30.6,0.0,2022-02-04 05:30:00+05:30,-42.53179470836534
05-02-2022,22.8,15.9,30.8,0.0,2022-02-05 05:30:00+05:30,-42.29376096499945
06-02-2022,22.7,18.2,28.0,0.0,2022-02-06 05:30:00+05:30,-42.046150056759615
07-02-2022,22.6,17.3,28.3,0.0,2022-02-07 05:30:00+05:30,-41.78909604366576
08-02-2022,22.3,15.7,29.4,0.0,2022-02-08 05:30:00+05:30,-41.153654545361746
09-02-2022,21.9,15.3,28.8,0.0,2022-02-09 05:30:00+05:30,-40.32655909255028
10-02-2022,21.9,14.4,30.0,0.0,2022-02-10 05:30:00+05:30,-40.22803935979144
11-02-2022,22.2,16.1,29.4,0.0,2022-02-11 05:30:00+05:30,-40.66954786086527
12-02-2022,22.3,16.0,29.0,0.0,2022-02-12 05:30:00+05:30,-40.73301257603686
13-02-2022,22.2,15.8,28.2,0.0,2022-02-13 05:30:00+05:30,-40.421592559917194
14-02-2022,22.2,15.2,28.2,0.0,2022-02-14 05:30:00+05:30,-40.28334441663027
15-02-2022,22.7,17.1,28.4,0.0,2022-02-15 05:30:00+05:30,-41.03965700466926
16-02-2022,22.6,15.3,28.8,0.0,2022-02-16 05:30:00+05:30,-40.69910124361996
17-02-2022,23.0,16.1,30.0,0.0,2022-02-17 05:30:00+05:30,-41.247344553579644
18-02-2022,22.5,14.9,29.4,0.0,2022-02-18 05:30:00+05:30,-40.17315169929831
19-02-2022,22.7,15.8,29.8,0.0,2022-02-19 05:30:00+05:30,-40.34207419498339
20-02-2022,23.5,15.8,32.0,0.0,2022-02-20 05:30:00+05:30,-41.55979153107638
21-02-2022,24.3,16.3,32.4,0.0,2022-02-21 05:30:00+05:30,-42.75427122700212
22-02-2022,24.7,17.9,31.3,0.0,2022-02-22 05:30:00+05:30,-43.22479832516435
23-02-2022,23.2,16.4,30.4,0.0,2022-02-23 05:30:00+05:30,-40.372182023609085
24-02-2022,22.5,15.5,29.4,0.0,2022-02-24 05:30:00+05:30,-38.92518124791603
25-02-2022,22.9,14.4,31.2,0.0,2022-02-25 05:30:00+05:30,-39.37614891464775
26-02-2022,22.5,14.9,30.2,0.0,2022-02-26 05:30:00+05:30,-38.44373150085294
27-02-2022,23.3,16.8,30.0,0.0,2022-02-27 05:30:00+05:30,-39.5493690651471
28-02-2022,23.3,16.1,30.6,0.0,2022-02-28 05:30:00+05:30,-39.28033533305199
01-03-2022,24.0,16.6,32.0,0.0,2022-03-01 05:30:00+05:30,-40.17576683963078
02-03-2022,23.7,16.9,30.4,0.0,2022-03-02 05:30:00+05:30,-39.384559612228195
03-03-2022,23.5,16.5,30.8,0.0,2022-03-03 05:30:00+05:30,-38.758281432999595
04-03-2022,24.0,17.4,31.6,0.0,2022-03-04 05:30:00+05:30,-39.27545365670571
05-03-2022,24.0,16.2,30.6,0.0,2022-03-05 05:30:00+05:30,-38.96090103908181
06-03-2022,23.8,17.2,30.3,0.0,2022-03-06 05:30:00+05:30,-38.31750123359785
07-03-2022,21.9,16.3,27.9,2.4,2022-03-07 05:30:00+05:30,-34.959223907925306
08-03-2022,24.9,18.0,30.6,0.0,2022-03-08 05:30:00+05:30,-39.40122807554325
09-03-2022,24.9,16.7,32.8,0.0,2022-03-09 05:30:00+05:30,-39.04794394442781
10-03-2022,25.4,17.1,32.8,0.0,2022-03-10 05:30:00+05:30,-39.465448653960955
11-03-2022,25.2,17.2,32.8,0.0,2022-03-11 05:30:00+05:30,-38.7851021737116
12-03-2022,25.5,18.1,33.0,0.0,2022-03-12 05:30:00+05:30,-38.8671555814039
13-03-2022,25.6,18.5,32.8,0.0,2022-03-13 05:30:00+05:30,-38.63300097280868
14-03-2022,26.0,18.4,32.8,0.0,2022-03-14 05:30:00+05:30,-38.83883143716915
15-03-2022,25.7,17.5,33.4,0.0,2022-03-15 05:30:00+05:30,-37.99264209085246
16-03-2022,25.7,17.6,34.2,0.0,2022-03-16 05:30:00+05:30,-37.59008047390604
17-03-2022,26.6,19.1,34.2,0.0,2022-03-17 05:30:00+05:30,-38.48547470328587
18-03-2022,26.6,18.7,34.0,0.0,2022-03-18 05:30:00+05:30,-38.06050791264495
19-03-2022,26.2,18.9,33.4,0.1,2022-03-19 05:30:00+05:30,-37.06603817268841
20-03-2022,24.9,22.0,34.1,0.0,2022-03-20 05:30:00+05:30,-34.82267287320244
21-03-2022,24.7,21.3,33.2,6.1,2022-03-21 05:30:00+05:30,-34.13936198167496
22-03-2022,25.6,21.8,33.5,7.9,2022-03-22 05:30:00+05:30,-34.96260796575295
23-03-2022,27.0,21.4,32.8,2.0,2022-03-23 05:30:00+05:30,-36.428777233387365
24-03-2022,27.1,23.4,33.6,0.0,2022-03-24 05:30:00+05:30,-36.11439938816888
25-03-2022,26.4,19.4,32.3,0.2,2022-03-25 05:30:00+05:30,-34.742431639315015
26-03-2022,26.7,19.9,32.9,0.0,2022-03-26 05:30:00+05:30,-34.6919829555091
27-03-2022,27.1,20.4,33.8,0.0,2022-03-27 05:30:00+05:30,-34.758944485846975
28-03-2022,27.3,20.1,33.8,0.0,2022-03-28 05:30:00+05:30,-34.55880246406046
29-03-2022,27.5,20.4,34.2,0.1,2022-03-29 05:30:00+05:30,-34.35171106698052
30-03-2022,27.6,21.8,33.8,0.1,2022-03-30 05:30:00+05:30,-34.01472911586931
31-03-2022,27.5,20.9,34.0,0.0,2022-03-31 05:30:00+05:30,-33.43161678413049
01-04-2022,27.2,21.2,33.0,0.0,2022-04-01 05:30:00+05:30,-32.61318505912172
02-04-2022,26.8,20.0,33.0,0.0,2022-04-02 05:30:00+05:30,-31.687006188805874
03-04-2022,26.6,18.6,33.6,0.0,2022-04-03 05:30:00+05:30,-31.008529854717864
04-04-2022,26.5,19.0,33.8,0.0,2022-04-04 05:30:00+05:30,-30.453131407965117
05-04-2022,26.3,19.0,33.2,0.0,2022-04-05 05:30:00+05:30,-29.78957432660982
06-04-2022,26.7,18.4,35.0,0.0,2022-04-06 05:30:00+05:30,-29.80443086051064
07-04-2022,27.1,19.1,34.8,0.0,2022-04-07 05:30:00+05:30,-29.808575398692152
08-04-2022,26.7,19.3,33.2,0.0,2022-04-08 05:30:00+05:30,-28.93542267583284
09-04-2022,27.1,19.9,33.6,0.0,2022-04-09 05:30:00+05:30,-28.932230283720987
10-04-2022,27.0,20.3,34.0,0.0,2022-04-10 05:30:00+05:30,-28.393648293759362
11-04-2022,27.2,20.1,34.2,0.0,2022-04-11 05:30:00+05:30,-28.172507259872408
12-04-2022,26.7,20.5,34.0,0.0,2022-04-12 05:30:00+05:30,-27.23486581503333
13-04-2022,25.0,21.5,32.8,3.5,2022-04-13 05:30:00+05:30,-25.11156598927002
14-04-2022,24.8,20.7,32.1,13.6,2022-04-14 05:30:00+05:30,-24.528573862494923
15-04-2022,25.4,19.1,33.0,37.6,2022-04-15 05:30:00+05:30,-24.73507420198028
16-04-2022,26.3,19.7,34.1,0.0,2022-04-16 05:30:00+05:30,-25.215737797423724
17-04-2022,25.6,20.0,34.1,51.1,2022-04-17 05:30:00+05:30,-24.164386806294466
18-04-2022,23.8,19.1,32.1,1.0,2022-04-18 05:30:00+05:30,-22.116800741323754
19-04-2022,26.0,20.0,32.4,32.8,2022-04-19 05:30:00+05:30,-23.786153930835667
20-04-2022,27.9,21.8,34.1,0.0,2022-04-20 05:30:00+05:30,-25.128291230105987
21-04-2022,27.3,20.8,33.4,0.0,2022-04-21 05:30:00+05:30,-24.206830654674263
22-04-2022,26.7,20.3,33.2,0.0,2022-04-22 05:30:00+05:30,-23.30869858221644
23-04-2022,26.3,20.5,32.2,0.0,2022-04-23 05:30:00+05:30,-22.605561750778826
24-04-2022,27.0,20.4,33.7,0.0,2022-04-24 05:30:00+05:30,-22.850933179628257
25-04-2022,27.8,20.8,34.1,0.0,2022-04-25 05:30:00+05:30,-23.168618775958855
26-04-2022,27.9,20.6,34.5,0.0,2022-04-26 05:30:00+05:30,-22.898982988431836
27-04-2022,28.5,21.5,35.1,0.0,2022-04-27 05:30:00+05:30,-23.03891684937012
28-04-2022,28.2,21.7,34.8,0.0,2022-04-28 05:30:00+05:30,-22.455735823292663
29-04-2022,29.1,21.2,36.9,0.0,2022-04-29 05:30:00+05:30,-22.829438604821696
30-04-2022,28.1,22.7,36.7,0.0,2022-04-30 05:30:00+05:30,-21.72216155580697
01-05-2022,24.9,20.4,34.8,0.0,2022-05-01 05:30:00+05:30,-18.97004289407679
02-05-2022,26.3,20.2,33.9,54.1,2022-05-02 05:30:00+05:30,-19.750681610195706
03-05-2022,26.3,21.8,34.0,0.0,2022-05-03 05:30:00+05:30,-19.472959301096843
04-05-2022,25.5,20.9,34.2,8.9,2022-05-04 05:30:00+05:30,-18.619419649451274
05-05-2022,23.9,20.4,34.2,4.3,2022-05-05 05:30:00+05:30,-17.213965210104565
06-05-2022,25.2,21.3,31.8,0.3,2022-05-06 05:30:00+05:30,-17.90834254382482
07-05-2022,26.0,21.2,33.5,5.1,2022-05-07 05:30:00+05:30,-18.235694761975395
08-05-2022,26.1,21.0,33.2,0.0,2022-05-08 05:30:00+05:30,-18.072300425077763
09-05-2022,25.3,21.0,33.2,2.0,2022-05-09 05:30:00+05:30,-17.300350749340986
10-05-2022,22.6,20.2,31.5,22.9,2022-05-10 05:30:00+05:30,-15.266852804980939
11-05-2022,22.1,20.4,25.0,5.1,2022-05-11 05:30:00+05:30,-14.753435267665502
12-05-2022,21.3,19.5,25.0,5.3,2022-05-12 05:30:00+05:30,-14.05728490539749
13-05-2022,22.9,20.0,26.3,2.0,2022-05-13 05:30:00+05:30,-14.946781909675853
14-05-2022,25.2,20.3,29.7,0.0,2022-05-14 05:30:00+05:30,-16.273499724929025
15-05-2022,25.2,20.9,29.7,21.1,2022-05-15 05:30:00+05:30,-16.107771389517318
16-05-2022,23.9,20.8,29.5,0.3,2022-05-16 05:30:00+05:30,-15.128012010076304
17-05-2022,23.8,21.1,30.1,6.4,2022-05-17 05:30:00+05:30,-14.924929435249984
18-05-2022,24.3,20.2,29.0,114.6,2022-05-18 05:30:00+05:30,-15.104362827923584
19-05-2022,20.6,19.4,29.0,0.8,2022-05-19 05:30:00+05:30,-12.698136842481897
20-05-2022,21.8,17.9,27.0,4.8,2022-05-20 05:30:00+05:30,-13.33299033031715
21-05-2022,22.8,18.8,27.0,3.8,2022-05-21 05:30:00+05:30,-13.843030917278599
22-05-2022,23.8,20.7,28.5,0.0,2022-05-22 05:30:00+05:30,-14.352597473504284
23-05-2022,24.5,19.9,29.6,0.0,2022-05-23 05:30:00+05:30,-14.682948456041045
24-05-2022,26.2,22.1,30.7,0.0,2022-05-24 05:30:00+05:30,-15.612859752042159
25-05-2022,24.6,20.1,30.0,0.0,2022-05-25 05:30:00+05:30,-14.58457317324936
26-05-2022,24.9,21.8,31.7,1.1,2022-05-26 05:30:00+05:30,-14.695391122021714
27-05-2022,26.1,21.6,31.9,0.0,2022-05-27 05:30:00+05:30,-15.342374471913281
28-05-2022,24.5,19.2,30.0,0.3,2022-05-28 05:30:00+05:30,-14.352777069671214
29-05-2022,24.8,19.5,30.0,0.0,2022-05-29 05:30:00+05:30,-14.487264122434002
30-05-2022,23.9,19.6,29.6,12.6,2022-05-30 05:30:00+05:30,-13.929746216546798
31-05-2022,24.1,20.6,30.4,6.9,2022-05-31 05:30:00+05:30,-14.022215919287738
01-06-2022,25.2,21.2,30.4,3.3,2022-06-01 05:30:00+05:30,-14.645202784436263
02-06-2022,25.7,22.0,31.0,0.0,2022-06-02 05:30:00+05:30,-14.926595415512729
03-06-2022,24.1,20.2,31.2,10.7,2022-06-03 05:30:00+05:30,-13.996229851512703
04-06-2022,24.2,19.7,32.2,7.2,2022-06-04 05:30:00+05:30,-14.060634489105588
05-06-2022,24.4,20.4,31.6,17.3,2022-06-05 05:30:00+05:30,-14.190548309058649
06-06-2022,24.8,19.1,32.5,32.0,2022-06-06 05:30:00+05:30,-14.444412437129458
07-06-2022,24.9,21.1,30.6,0.8,2022-06-07 05:30:00+05:30,-14.53114976951174
08-06-2022,25.1,21.2,30.6,0.0,2022-06-08 05:30:00+05:30,-14.683674030601107
09-06-2022,24.3,19.8,29.4,1.0,2022-06-09 05:30:00+05:30,-14.257057921083199
10-06-2022,24.0,19.5,29.2,1.6,2022-06-10 05:30:00+05:30,-14.128435041124673
11-06-2022,23.6,19.3,29.2,2.0,2022-06-11 05:30:00+05:30,-13.9458463316139
12-06-2022,23.0,19.7,28.8,10.0,2022-06-12 05:30:00+05:30,-13.648844982082178
13-06-2022,23.6,19.2,28.9,0.1,2022-06-13 05:30:00+05:30,-14.070010012312174
14-06-2022,23.6,19.4,29.5,0.6,2022-06-14 05:30:00+05:30,-14.141043600619856
15-06-2022,23.7,20.2,31.9,31.0,2022-06-15 05:30:00+05:30,-14.278107546418225
16-06-2022,24.5,20.0,30.6,0.0,2022-06-16 05:30:00+05:30,-14.845667105966118
17-06-2022,24.6,19.7,30.6,38.9,2022-06-17 05:30:00+05:30,-14.997923121661337
18-06-2022,23.8,21.2,30.5,42.9,2022-06-18 05:30:00+05:30,-14.604243514410717
19-06-2022,24.2,21.1,29.5,1.0,2022-06-19 05:30:00+05:30,-14.950650909381723
20-06-2022,24.1,20.7,29.5,2.0,2022-06-20 05:30:00+05:30,-14.994563294665262
21-06-2022,23.2,19.8,27.8,15.0,2022-06-21 05:30:00+05:30,-14.54115751621722
22-06-2022,22.7,20.4,27.8,0.3,2022-06-22 05:30:00+05:30,-14.336584393235519
23-06-2022,23.1,20.4,26.2,0.0,2022-06-23 05:30:00+05:30,-14.704402975113327
24-06-2022,22.8,19.5,27.6,0.3,2022-06-24 05:30:00+05:30,-14.631348635416636
25-06-2022,22.4,19.7,27.7,4.2,2022-06-25 05:30:00+05:30,-14.494448440229796
26-06-2022,23.2,20.3,27.2,0.2,2022-06-26 05:30:00+05:30,-15.140049843824725
27-06-2022,23.7,20.1,28.3,0.0,2022-06-27 05:30:00+05:30,-15.600774656484022
28-06-2022,22.5,19.6,26.7,2.2,2022-06-28 05:30:00+05:30,-14.941806569420203
29-06-2022,23.9,21.1,29.5,0.0,2022-06-29 05:30:00+05:30,-16.013899545982667
30-06-2022,23.2,20.5,29.5,5.8,2022-06-30 05:30:00+05:30,-15.686042171423104
01-07-2022,23.6,20.5,28.7,3.6,2022-07-01 05:30:00+05:30,-16.102865919040735
02-07-2022,24.1,20.9,28.7,0.0,2022-07-02 05:30:00+05:30,-16.596093340315765
03-07-2022,23.5,21.1,28.5,0.0,2022-07-03 05:30:00+05:30,-16.333484064020432
04-07-2022,22.5,20.2,27.0,0.0,2022-07-04 05:30:00+05:30,-15.784583564281057
05-07-2022,22.9,20.1,26.5,2.0,2022-07-05 05:30:00+05:30,-16.215735500447423
06-07-2022,22.1,20.6,26.5,0.3,2022-07-06 05:30:00+05:30,-15.796060892593108
07-07-2022,21.4,19.7,25.0,1.0,2022-07-07 05:30:00+05:30,-15.439200690523084
08-07-2022,21.4,19.7,25.5,6.1,2022-07-08 05:30:00+05:30,-15.583799300074535
09-07-2022,21.7,19.8,25.5,7.1,2022-07-09 05:30:00+05:30,-15.94987208179138
10-07-2022,22.4,20.0,26.2,15.0,2022-07-10 05:30:00+05:30,-16.617606981988622
11-07-2022,21.7,20.2,26.2,0.8,2022-07-11 05:30:00+05:30,-16.247414752252446
12-07-2022,23.2,19.8,27.5,4.6,2022-07-12 05:30:00+05:30,-17.5304775418056
13-07-2022,21.6,19.7,27.5,1.0,2022-07-13 05:30:00+05:30,-16.470776314318535
14-07-2022,21.2,19.5,24.3,2.0,2022-07-14 05:30:00+05:30,-16.312495750628848
15-07-2022,22.3,19.5,25.6,2.3,2022-07-15 05:30:00+05:30,-17.313306871640535
16-07-2022,22.0,20.1,25.6,0.5,2022-07-16 05:30:00+05:30,-17.23264811098922
17-07-2022,23.2,20.2,25.3,0.0,2022-07-17 05:30:00+05:30,-18.33296449506224
18-07-2022,22.6,20.9,27.5,0.3,2022-07-18 05:30:00+05:30,-18.01472532448987
19-07-2022,24.7,20.1,29.6,0.3,2022-07-19 05:30:00+05:30,-19.858559851571005
20-07-2022,24.9,19.8,30.8,0.0,2022-07-20 05:30:00+05:30,-20.190017129150096
21-07-2022,23.7,20.5,30.8,82.5,2022-07-21 05:30:00+05:30,-19.378708600316447
22-07-2022,23.2,21.1,27.9,0.0,2022-07-22 05:30:00+05:30,-19.127300455423676
23-07-2022,23.1,20.9,26.7,0.0,2022-07-23 05:30:00+05:30,-19.200576863363608
24-07-2022,22.8,20.0,26.7,0.3,2022-07-24 05:30:00+05:30,-19.1037404020462
25-07-2022,24.1,20.2,28.5,0.5,2022-07-25 05:30:00+05:30,-20.352782919333542
